text,label
My college is illegally holding my original certificates,complaint
I am forced to sign an illegal bond against my will,complaint
The college will not give me my TC even after graduation,complaint
They are forcing me to sign an undertaking to stay quiet,complaint
The college is illegally blocking my migration certificate,complaint
I am forced to pay extra fees for my documents,complaint
The college will not release my degree certificate,complaint
They are threatening me with certificate blocking,complaint
The college is violating my right to education,complaint
I cannot transfer because they will not issue my TC,complaint
The college forced me to sign illegal terms,complaint
They are making illegal financial demands,complaint
The administration is violating my document rights,complaint
I am blocked from leaving because of illegal bonds,complaint
The college is illegally holding my academic records,complaint
They are forcing impossible conditions for my certificate,complaint
The college is unlawfully restricting my freedom,complaint
I cannot pursue higher education due to illegal blockade,complaint
The administration is making extortion-like demands,complaint
They are violating my constitutional right to freedom,complaint
My college is illegally holding my original certificates (This is happening to me regularly),complaint
I am forced to sign an illegal bond against my will (This is happening to me regularly),complaint
The college will not give me my TC even after graduation (This is happening to me regularly),complaint
They are forcing me to sign an undertaking to stay quiet (This is happening to me regularly),complaint
The college is illegally blocking my migration certificate (This is happening to me regularly),complaint
I am forced to pay extra fees for my documents (This is happening to me regularly),complaint
The college will not release my degree certificate (This is happening to me regularly),complaint
They are threatening me with certificate blocking (This is happening to me regularly),complaint
The college is violating my right to education (This is happening to me regularly),complaint
I cannot transfer because they will not issue my TC (This is happening to me regularly),complaint
The college forced me to sign illegal terms (This is happening to me regularly),complaint
They are making illegal financial demands (This is happening to me regularly),complaint
The administration is violating my document rights (This is happening to me regularly),complaint
I am blocked from leaving because of illegal bonds (This is happening to me regularly),complaint
The college is illegally holding my academic records (This is happening to me regularly),complaint
They are forcing impossible conditions for my certificate (This is happening to me regularly),complaint
The college is unlawfully restricting my freedom (This is happening to me regularly),complaint
I cannot pursue higher education due to illegal blockade (This is happening to me regularly),complaint
The administration is making extortion-like demands (This is happening to me regularly),complaint
They are violating my constitutional right to freedom (This is happening to me regularly),complaint
College violated my rights,complaint
Administrative procedures are unfair,complaint
I faced unfair administrative action,complaint
Administrative negligence occurred,complaint
I was unfairly suspended,complaint
Administrative staff discriminated against me,complaint
Incorrect administrative action was taken,complaint
I was denied my administrative rights,complaint
The college refuses to return my original 10th and 12th marksheets after I dropped out,complaint
The university is withholding my degree certificate because I protested fee hikes,complaint
They are demanding a heavy penalty to issue my transfer certificate,complaint
The administration cancelled my hall ticket right before exams without explanation,complaint
The college refused to process my scholarship funds and kept the money,complaint
Management is forcing students to pay an unapproved building development fee,complaint
The university refused to grant me admission despite clearing the merit list,complaint
The principal confiscated my laptop and documents without any disciplinary hearing,complaint
The administration refused to give me my migration certificate for higher studies,complaint
The college changed grading criteria retroactively after exams were completed,complaint
They are forcing us to sign an illegal arbitration agreement waiving our legal rights,complaint
Management suspended me without issuing a show-cause notice or fair hearing,complaint
The institute refuses to refund my security caution deposit even after clearance,complaint
They blocked my semester exam registration because of non-academic disputes,complaint
The college is functioning without mandatory statutory affiliation and cheated us,complaint
college withheld my tc,complaint
the institute is withholding my transfer certificate,complaint
college refused to return my original certificates and tc,complaint
the administration withheld my migration certificate illegally,complaint
college authorities withheld my degree certificate,complaint
Someone demands money or they will expose my secrets,complaint
A person threatens to hurt me if I do not pay,complaint
I am being blackmailed with intimate photos,complaint
Someone demands money threatening to tell my family,complaint
A person extorts money with threats of violence,complaint
Someone blackmails me with academic information,complaint
I am forced to pay money to stop harassment,complaint
A person demands money with threats of exposure,complaint
Someone extorts money threatening legal complaints,complaint
I am being blackmailed with false accusations,complaint
A person demands money or they will harm my family,complaint
Someone blackmails me with my past mistakes,complaint
I am forced to pay to avoid physical harm,complaint
A person demands money threatening my career,complaint
Someone extorts money with threats to my reputation,complaint
I am blackmailed with workplace information,complaint
A person demands money threatening social exposure,complaint
Someone extorts money threatening to contact police,complaint
I am forced to pay to avoid false accusations,complaint
A person blackmails me with recorded conversations,complaint
Someone demands money or they will expose my secrets (This is happening to me regularly),complaint
A person threatens to hurt me if I do not pay (This is happening to me regularly),complaint
I am being blackmailed with intimate photos (This is happening to me regularly),complaint
Someone demands money threatening to tell my family (This is happening to me regularly),complaint
A person extorts money with threats of violence (This is happening to me regularly),complaint
Someone blackmails me with academic information (This is happening to me regularly),complaint
I am forced to pay money to stop harassment (This is happening to me regularly),complaint
A person demands money with threats of exposure (This is happening to me regularly),complaint
Someone extorts money threatening legal complaints (This is happening to me regularly),complaint
I am being blackmailed with false accusations (This is happening to me regularly),complaint
A person demands money or they will harm my family (This is happening to me regularly),complaint
Someone blackmails me with my past mistakes (This is happening to me regularly),complaint
I am forced to pay to avoid physical harm (This is happening to me regularly),complaint
A person demands money threatening my career (This is happening to me regularly),complaint
Someone extorts money with threats to my reputation (This is happening to me regularly),complaint
I am blackmailed with workplace information (This is happening to me regularly),complaint
A person demands money threatening social exposure (This is happening to me regularly),complaint
Someone extorts money threatening to contact police (This is happening to me regularly),complaint
I am forced to pay to avoid false accusations (This is happening to me regularly),complaint
A person blackmails me with recorded conversations (This is happening to me regularly),complaint
My uncle is blackmailing me,complaint
Someone is extorting money from me,complaint
I'm being blackmailed with intimate photos,complaint
Someone is blackmailing me,complaint
I am being extorted for money,complaint
Someone blackmails me with intimate photos,complaint
Someone is demanding money and threatening me,complaint
I am blackmailed and threatened,complaint
Someone extorts money from me threateningly,complaint
I am blackmailed with evidence of something,complaint
Someone blackmails me to keep secrets,complaint
I am being blackmailed and cannot go to police,complaint
Someone threatens to share private photos if I don't pay,complaint
someone is blackmailing me with photos,complaint
I'm being blackmailed with photos,complaint
someone blackmails me with pictures,complaint
they are blackmailing me with images,complaint
someone threatens to share photos unless I pay,complaint
I'm forced to pay or they'll share my photos,complaint
someone is extorting money from me with photos,complaint
Someone used AI to make naked pictures of me and is demanding 50000 rupees,complaint
A loan app is calling my entire contact list threatening to release morphed photos,complaint
A person hacked my webcam and says they will send video to my family unless I pay,complaint
They are demanding Bitcoin or they will leak my private personal diary and photos,complaint
Someone is threatening to destroy my business reputation unless I pay protection money,complaint
A stranger recorded our private video call and is now blackmailing me for money,complaint
They threatened to send compromising pictures to my employer if I don't give them cash,complaint
Someone got hold of my medical records and is extorting money to keep them secret,complaint
An ex-partner is demanding money and threatening to share private intimacy videos,complaint
Someone is threatening to frame me in a false police case unless I transfer money,complaint
They threatened to ruin my marriage with fake leaked chats unless I pay them,complaint
Online blackmailers are demanding gift cards and threatening to leak my personal data,complaint
my ex blackmails me with my private photos,complaint
my ex blackmails me with my private photos for money,complaint
she is threatening me that she would leak my chats if i dont pay her,complaint
he said he would leak my private messages if i dont pay him,complaint
someone is threatening to post my private chats online if i dont give them money,complaint
a person threatened to post my private photos online if i don't pay,complaint
they said they would expose me if i dont pay them immediately,complaint
someone is demanding money threatening to leak my conversations,complaint
my ex threatens to leak my naked photos unless i pay them,complaint
a person is threatening to reveal my private information for money,complaint
My professor said Dalits are naturally inferior,complaint
A senior called me an untouchable as abuse,complaint
They do not let me sit with them because of my caste,complaint
I was denied admission because of my caste,complaint
A teacher made casteist jokes about my surname,complaint
Someone said I do not deserve to be in this college,complaint
A hostel roommate refused to touch things I used,complaint
My classmates avoid me because I am from a lower caste,complaint
A senior said people of my caste are servants,complaint
I was excluded from a group because of my caste,complaint
Someone called me by a casteist slur repeatedly,complaint
A professor gave me lower marks because of my caste,complaint
My colleagues refuse to eat with me due to caste,complaint
A person said my family is impure because of caste,complaint
Someone made degrading comments about my caste,complaint
I was told not to touch the water can because of my caste,complaint
A person said I am too dirty because of my caste,complaint
My roommate refuses to share utensils with me,complaint
A senior excluded me from activities due to my caste,complaint
Someone said casteist remarks about my occupation,complaint
My professor said Dalits are naturally inferior (This is happening to me regularly),complaint
A senior called me an untouchable as abuse (This is happening to me regularly),complaint
They do not let me sit with them because of my caste (This is happening to me regularly),complaint
I was denied admission because of my caste (This is happening to me regularly),complaint
A teacher made casteist jokes about my surname (This is happening to me regularly),complaint
Someone said I do not deserve to be in this college (This is happening to me regularly),complaint
A hostel roommate refused to touch things I used (This is happening to me regularly),complaint
My classmates avoid me because I am from a lower caste (This is happening to me regularly),complaint
A senior said people of my caste are servants (This is happening to me regularly),complaint
I was excluded from a group because of my caste (This is happening to me regularly),complaint
Someone called me by a casteist slur repeatedly (This is happening to me regularly),complaint
A professor gave me lower marks because of my caste (This is happening to me regularly),complaint
My colleagues refuse to eat with me due to caste (This is happening to me regularly),complaint
A person said my family is impure because of caste (This is happening to me regularly),complaint
Someone made degrading comments about my caste (This is happening to me regularly),complaint
I was told not to touch the water can because of my caste (This is happening to me regularly),complaint
A person said I am too dirty because of my caste (This is happening to me regularly),complaint
My roommate refuses to share utensils with me (This is happening to me regularly),complaint
A senior excluded me from activities due to my caste (This is happening to me regularly),complaint
Someone said casteist remarks about my occupation (This is happening to me regularly),complaint
I face discrimination because of my caste,complaint
People treat me differently due to my caste,complaint
I am discriminated against based on my caste,complaint
My caste determines how people treat me,complaint
I face casteist remarks and behavior,complaint
My classmates exclude me because of my caste,complaint
I am denied opportunities due to my caste,complaint
Someone made casteist comments to me,complaint
I face social discrimination for my caste,complaint
My caste background causes discrimination,complaint
People use my caste against me,complaint
I am isolated because of my caste,complaint
The hostel mess staff serves food separately to Dalit and backward class students,complaint
A professor asked for my caste category during my viva and gave me failing marks,complaint
My lab partner refused to work with me once they found out my surname,complaint
Seniors made derogatory comments about affirmative action and reservation students,complaint
I was denied a rental flat near campus as soon as the landlord asked my caste,complaint
Classmates formed a separate WhatsApp group specifically excluding SC/ST students,complaint
A faculty member made insulting remarks about lower caste students taking undeserved seats,complaint
They washed the bench after I sat on it because of caste prejudice,complaint
I was told that people from my community are not meant for research or academics,complaint
My supervisor refused to guide my thesis due to caste bias,complaint
Someone painted abusive caste slurs on my hostel room door,complaint
They constantly taunt me by calling me a quota student in front of everyone,complaint
The professor told the class that affirmative action students lack basic intelligence,complaint
Classmates refused to share project group work with me once they learned my caste,complaint
The hostel warden assigned inferior rooms specifically to reserved category students,complaint
A faculty member openly mocked students admitted under SC/ST quota during lectures,complaint
They made derogatory remarks claiming lower caste students take away merit seats,complaint
A senior used casteist slurs and told me to stay within my community limits,complaint
The department head deliberately marked down SC/ST students in viva examinations,complaint
Students from upper castes formed an exclusive group and boycotted Dalit students,complaint
Someone wrote abusive caste slurs on the hostel notice board targeting our community,complaint
A teacher made insulting remarks about affirmative action policies in the classroom,complaint
The hostel mess committee segregated dining utensils based on caste prejudice,complaint
They taunted me by calling me a reservation candidate who doesn't belong in college,complaint
A professor refused to guide my research project citing biased caste stereotypes,complaint
Classmates made offensive jokes about traditional caste occupations to humiliate me,complaint
I was excluded from college cultural events because of deep-seated caste bias,complaint
he bullied me online,complaint
they bullied me in instagram,complaint
someone bullied me in facebook,complaint
someone is bullying me in social media,complaint
my peer is bullying me through discord,complaint
Someone keeps sending me insulting messages online,complaint
People created a group to mock me on social media,complaint
My classmates spread rumours about me on WhatsApp,complaint
Someone posted an embarrassing photo of me online,complaint
They keep tagging me in humiliating posts,complaint
A peer keeps sending threatening DMs,complaint
My pictures were edited to shame me online,complaint
Students made a fake account to bully me,complaint
They shared my private messages publicly,complaint
People keep creating hateful comments about me,complaint
My friends keep excluding me from online groups,complaint
Someone posted a video to humiliate me at school,complaint
They encourage others to insult me in the comments,complaint
I keep receiving abusive memes about me,complaint
A group keeps mass-tagging me to shame me,complaint
Strangers on social media are insulting me repeatedly,complaint
Someone is spreading lies about me on social platforms,complaint
Multiple people keep making fun of me online,complaint
I was publicly humiliated in a viral post,complaint
My classmates created a group to bully me on WhatsApp,complaint
People are saying false things about me on WhatsApp groups,complaint
Someone is constantly cyberbullying me on Instagram,complaint
My peers send me mean messages every day,complaint
They posted embarrassing photos of me without permission,complaint
Multiple students gang up to insult me online,complaint
Someone made a fake profile to impersonate me and harass others,complaint
They edited my photos to make fun of me,complaint
My private conversation was screenshotted and shared publicly,complaint
A group keeps commenting mean things on all my posts,complaint
They create memes mocking me and tag me in them,complaint
Someone keeps asking others to unfollow and block me,complaint
My classmates spread false rumors about me on social media,complaint
They keep tagging me in posts to humiliate me publicly,complaint
I'm being bullied in group chats and called names,complaint
Someone hacked my account and posted inappropriate content,complaint
They recorded a video of me and uploaded it to mock me,complaint
My peers constantly tease me with mean comments online,complaint
People are sharing my secrets that I told them privately,complaint
They encourage others to bully me in the comments section,complaint
A senior keeps sending me degrading messages online,complaint
My classmates exclude me from all online group chats,complaint
Someone created a hate page dedicated to making fun of me,complaint
They put me in a chat group just to bully me,complaint
My photos are being used without consent to create mean content,complaint
People spread false accusations about me on social media,complaint
They send me abusive emojis and messages repeatedly,complaint
Someone is harassing me constantly on social media platforms,complaint
People spread hateful messages about me on online groups,complaint
They created multiple fake accounts to bully me online,complaint
A group of strangers are cyberbullying me continuously on messaging apps,complaint
Someone hacked my online account and is impersonating me,complaint
They posted intimate photos of me without consent online,complaint
My videos were shared on social media to humiliate me,complaint
Someone screenshot my private conversation and posted it publicly,complaint
They edited my photos and put them on the internet to mock me,complaint
A video of me was uploaded online to shame me in front of everyone,complaint
I'm receiving abusive messages on social platforms every hour,complaint
Someone is threatening me through online chat platforms,complaint
A group chat was created specifically to target and bully me online,complaint
They send me vulgar and threatening messages on messaging apps,complaint
People are mass-following and commenting mean things on all my online posts,complaint
Someone is tracking my online activities and monitoring my posts,complaint
They follow all my social media movements and comment negatively,complaint
A person is stalking me online and knows where I am,complaint
Someone is constantly checking my online status and messaging me threats,complaint
They're watching and recording my online activities without permission,complaint
My reputation is being destroyed through online false accusations,complaint
Someone started a hate campaign against me on social media,complaint
They're spreading rumors about me on all online platforms,complaint
A fake profile was created pretending to be me doing embarrassing things,complaint
My name is being dragged online with false stories and accusations,complaint
I'm being excluded from all online communities and chat groups,complaint
A group organized online to boycott and block me on social media,complaint
They started an online petition against me to harm my reputation,complaint
Someone created a hashtag to bully me online across all platforms,complaint
Thousands of people joined an online hate campaign targeting me,complaint
An entire online community is cyberbullying me at once,complaint
Multiple people coordinated online harassment against me,complaint
I'm being cyber-mobbed by a group from my school on social platforms,complaint
They organized an online attack on my social media profiles,complaint
A large group is cyberbullying me in an organized manner online,complaint
My personal information was leaked online by someone I trusted,complaint
They posted my home address online to threaten me,complaint
Someone shared my private messages online to embarrass me,complaint
They leaked my photos online without my permission,complaint
My personal details and secrets were exposed online publicly,complaint
Instagram users are commenting cruel things on every post I make,complaint
Facebook bullies created a group specifically to hurt me online,complaint
TikTok users are making mean videos targeting me specifically,complaint
Twitter is being used to cyberbully me with hateful posts,complaint
WhatsApp group members are constantly bullying me in messages,complaint
Online gamers are cyberbullying me on gaming platforms,complaint
I'm being harassed in online gaming communities,complaint
Discord users are targeting and bullying me online,complaint
Online forums are being used to mock and bully me,complaint
Someone is spreading false rumors about me in online communities,complaint
Someone is cyber-blackmailing me with my online photos,complaint
They threatened to post my private images online if I don't comply,complaint
I'm being coerced through online threats and harassment,complaint
Someone is using my online data to blackmail me,complaint
They're threatening to expose my online activities if I don't do what they want,complaint
I'm being bullied by anonymous accounts online,complaint
Someone created anonymous profiles to bully me continuously,complaint
Anonymous users are targeting me with hate messages online,complaint
An unknown person is cyberbullying me from anonymous accounts,complaint
I don't know who is bullying me but they're harassing me online constantly,complaint
My colleagues are cyberbullying me on work online platforms,complaint
Someone is spreading workplace rumors about me on social media,complaint
I'm being bullied by coworkers through online messaging,complaint
My boss is cyberbullying me through email and online messages,complaint
Professional peers are mocking me online on industry forums,complaint
My classmates are cyberbullying me on social media platforms,complaint
School friends created a group to bully me online,complaint
I'm being bullied online by people from my college,complaint
University students are cyberbullying me on online platforms,complaint
Peers from school are targeting me with mean messages online,complaint
A group of people started a coordinated campaign on Twitter to harass and insult me,complaint
Someone created a meme page using my face and making vulgar jokes,complaint
They created a Telegram group solely to share private screenshots and mock me,complaint
Classmates are mass-downvoting and posting hateful comments on all my YouTube videos,complaint
Someone made a Reddit thread spreading malicious rumors about my personal life,complaint
They leaked my private voice messages to school chat groups to humiliate me,complaint
"A hate page on Instagram was created with my name, tagging all my friends",complaint
People from my college are continuously sending cruel messages in group chats,complaint
They took a video of me crying and made it viral to mock my mental health,complaint
I am being brigaded and targeted by an online gaming community,complaint
Anonymous accounts keep posting nasty insulting polls about me on Instagram stories,complaint
They flooded my direct messages with coordinated abuse to intimidate me,complaint
Someone sends me abusive messages on WhatsApp daily,complaint
I am getting harassed through repeated emails,complaint
A person keeps messaging me with insults,complaint
Someone sends me threatening messages online,complaint
I am being harassed through Instagram DMs,complaint
A person keeps calling me with abusive language,complaint
I receive hate messages from multiple accounts,complaint
Someone keeps tagging me in abusive posts,complaint
I am getting harassed through Telegram,complaint
A person sends me harassing messages at odd hours,complaint
I receive repeated threats through SMS,complaint
Someone keeps commenting abusive things on my posts,complaint
I am being harassed through anonymous accounts,complaint
A person keeps forwarding my messages to embarrass me,complaint
I receive harassing messages despite blocking,complaint
Someone creates accounts to message me abusively,complaint
I am getting cyberbullied in group chats,complaint
A person keeps texting me with threats,complaint
I am being harassed through online gaming platforms,complaint
Someone keeps sending me abusive voice messages,complaint
Someone sends me abusive messages on WhatsApp daily (This is happening to me regularly),complaint
I am getting harassed through repeated emails (This is happening to me regularly),complaint
A person keeps messaging me with insults (This is happening to me regularly),complaint
Someone sends me threatening messages online (This is happening to me regularly),complaint
I am being harassed through Instagram DMs (This is happening to me regularly),complaint
A person keeps calling me with abusive language (This is happening to me regularly),complaint
I receive hate messages from multiple accounts (This is happening to me regularly),complaint
Someone keeps tagging me in abusive posts (This is happening to me regularly),complaint
I am getting harassed through Telegram (This is happening to me regularly),complaint
A person sends me harassing messages at odd hours (This is happening to me regularly),complaint
I receive repeated threats through SMS (This is happening to me regularly),complaint
Someone keeps commenting abusive things on my posts (This is happening to me regularly),complaint
I am being harassed through anonymous accounts (This is happening to me regularly),complaint
A person keeps forwarding my messages to embarrass me (This is happening to me regularly),complaint
I receive harassing messages despite blocking (This is happening to me regularly),complaint
Someone creates accounts to message me abusively (This is happening to me regularly),complaint
I am getting cyberbullied in group chats (This is happening to me regularly),complaint
A person keeps texting me with threats (This is happening to me regularly),complaint
I am being harassed through online gaming platforms (This is happening to me regularly),complaint
Someone keeps sending me abusive voice messages (This is happening to me regularly),complaint
Someone is harassing me on social media,complaint
I receive harassing messages online,complaint
Someone cyberbullies me constantly,complaint
I am harassed through online platforms,complaint
Someone posts mean comments about me,complaint
I receive abusive messages online,complaint
Someone creates fake accounts to harass me,complaint
I am trolled and harassed online,complaint
Someone shares my personal information to harass me,complaint
I face cyberbullying on Instagram/Facebook,complaint
Someone keeps creating new burner accounts to message me every time I block them,complaint
I receive dozens of abusive and intimidating emails every single day,complaint
A person is spamming my LinkedIn and work accounts with harassing messages,complaint
Someone is sending continuous unwanted calls and WhatsApp voice notes late at night,complaint
They are monitoring my online activity and immediately commenting on whatever I post,complaint
An unknown person is spamming my comments section with offensive threats,complaint
I am being continuously harassed by an anonymous stalker across all social media,complaint
Someone found my private mobile number and is sending vulgar messages repeatedly,complaint
They keep sending unwanted delivery orders and spam subscriptions to my email,complaint
A person is persistently sending unwanted sexual and romantic messages on Twitter,complaint
A person is persistently spamming my phone with threatening texts at 3 AM,complaint
An anonymous user is harassing me across all social media platforms daily,complaint
Someone keeps calling my WhatsApp number from unknown international numbers,complaint
A stalker sends dozens of unwanted abusive direct messages to my inbox every day,complaint
They are spamming my work email with continuous threatening messages,complaint
Someone created automated bots to flood my comments and direct messages with abuse,complaint
I am being continuously harassed by an anonymous account despite blocking five times,complaint
A person keeps sending persistent unwanted romantic and intimidating messages on LinkedIn,complaint
They signed my phone number up for hundreds of spam OTPs and harassment calls,complaint
Someone is persistently tracking and commenting on every single online move I make,complaint
An unknown individual is sending non-stop hostile voice notes to my private number,complaint
A stranger keeps sending harassing messages to my personal Telegram account,complaint
They are flooding my social media inbox with repetitive abusive messages,complaint
Someone is continuously sending unwanted harassing emails to my college id,complaint
A person is calling my cell phone fifty times a day to intimidate me,complaint
They are sending non-stop abusive chat requests on Discord,complaint
Someone created burner accounts specifically to send me harassing DMs every hour,complaint
I am receiving persistent intimidating direct messages on Twitter daily,complaint
A stranger is harassing me on Instagram with continuous unwanted calls,complaint
They are persistently sending harassing texts to my personal mobile number,complaint
Someone is spamming my inbox with hostile threatening chats,complaint
An anonymous caller leaves abusive voicemail messages on my phone every night,complaint
A person keeps harassing me through persistent messaging on Facebook Messenger,complaint
They won't stop sending abusive messages to my personal WhatsApp account,complaint
I am being relentlessly harassed online by an unknown stalker,complaint
a person is constantly stalking me and sending me messages online,complaint
someone is constantly messaging me and it feels like stalking,complaint
i think someone is tracking my location and monitoring me online,complaint
someone is tracking my phone and monitoring my location remotely,complaint
someone is monitoring my online activity and following me on all platforms,complaint
a person keeps sending me harassing messages on every platform i use,complaint
someone is following me online and sending me threatening messages,complaint
anonymous accounts are constantly sending me hostile and intimidating messages,complaint
they are sending me nasty and cruel messages on social media every day,complaint
Someone is insulting me on Instagram and posting my photos to humiliate me,complaint
Anonymous accounts keep sending me nasty comments on social media,complaint
People are saying false things about me on WhatsApp groups to harass me,complaint
someone is spreading lies about me online to harass and harm me,complaint
a person is telling lies about me and ruining my reputation online,complaint
Someone created morphed sexual videos of me,complaint
I am being sextorted - someone demands money for intimate photos,complaint
A person sent me non-consensual intimate images,complaint
Someone threatens to leak my intimate photos,complaint
I am being threatened with exposure of intimate content,complaint
A person demands sexual favors with threat of exposure,complaint
Someone created fake nude images of me,complaint
I am receiving unsolicited explicit videos,complaint
A person threatens to post my intimate videos,complaint
Someone demands intimate photos with threats,complaint
I am being blackmailed with intimate images,complaint
A person created and shared my deepfake porn,complaint
Someone sends unwanted explicit content to my family,complaint
I am being coerced for intimate content online,complaint
A person threatens my family with leaked intimate photos,complaint
Someone shares my intimate content in group chats,complaint
I am being harassed with AI-generated sexual content,complaint
A person demands money for not leaking intimate photos,complaint
Someone threatens my career with intimate content,complaint
I am being sexually exploited through online blackmail,complaint
Someone created morphed sexual videos of me (This is happening to me regularly),complaint
I am being sextorted - someone demands money for intimate photos (This is happening to me regularly),complaint
A person sent me non-consensual intimate images (This is happening to me regularly),complaint
Someone threatens to leak my intimate photos (This is happening to me regularly),complaint
I am being threatened with exposure of intimate content (This is happening to me regularly),complaint
A person demands sexual favors with threat of exposure (This is happening to me regularly),complaint
Someone created fake nude images of me (This is happening to me regularly),complaint
I am receiving unsolicited explicit videos (This is happening to me regularly),complaint
A person threatens to post my intimate videos (This is happening to me regularly),complaint
Someone demands intimate photos with threats (This is happening to me regularly),complaint
I am being blackmailed with intimate images (This is happening to me regularly),complaint
A person created and shared my deepfake porn (This is happening to me regularly),complaint
Someone sends unwanted explicit content to my family (This is happening to me regularly),complaint
I am being coerced for intimate content online (This is happening to me regularly),complaint
A person threatens my family with leaked intimate photos (This is happening to me regularly),complaint
Someone shares my intimate content in group chats (This is happening to me regularly),complaint
I am being harassed with AI-generated sexual content (This is happening to me regularly),complaint
A person demands money for not leaking intimate photos (This is happening to me regularly),complaint
Someone threatens my career with intimate content (This is happening to me regularly),complaint
I am being sexually exploited through online blackmail (This is happening to me regularly),complaint
Someone sent me sexual messages online,complaint
My intimate photos were shared without consent,complaint
I'm being sexually harassed online,complaint
Someone is blackmailing me with intimate photos,complaint
I am being sexually exploited online,complaint
Someone sent me unwanted sexual content,complaint
My naked photos were leaked,complaint
Someone solicits sexual content from me online,complaint
I am being groomed online,complaint
Someone made sexual deepfakes of me,complaint
My intimate video was shared without permission,complaint
Someone created deepfake explicit nude photos using my Instagram selfies,complaint
My ex uploaded our private intimate bedroom videos to an adult website,complaint
A stranger sent me unsolicited photos of their genitals on Instagram DMs,complaint
Someone installed spyware on my phone and is recording me through the camera,complaint
Hidden camera footage of me in a changing room was circulated on Telegram,complaint
Someone created a fake pornography profile using my name and college details,complaint
They are selling access to my leaked private photos on private chat channels,complaint
A video call was secretly screen-recorded and used for sexual extortion,complaint
Someone flashed themselves to me during an online Zoom lecture,complaint
My private photos were hacked from cloud storage and shared on adult forums,complaint
he took my private photos without my permission,complaint
he is sending nude pics to me,complaint
he send inapproriate photos to me,complaint
he send inappropriate photos to me,complaint
he sent inappropriate photos to me,complaint
he sends inappropriate pictures to me,complaint
someone is sending inappropriate photos to me,complaint
someone sends me unsolicited and inappropriate pictures,complaint
a guy is sending unwanted photos to me,complaint
a guy is sending nude pictures to me,complaint
someone sends me unsolicited nude photos,complaint
a guy I met online sent me a dick pic,complaint
a guy I met online sent me nude pic of himself,complaint
a guy i met online sent me nude photos,complaint
a girl i met online sent me nude photos,complaint
my ex leaked my private photos,complaint
a stranger took my photo without my permission,complaint
someone took pictures of me without my consent,complaint
Someone spread false rumors about me ruining my reputation,complaint
A person posted lies about me on social media,complaint
Someone made false accusations to damage me,complaint
I am being defamed through false posts,complaint
A person spread fake stories about my character,complaint
Someone violated my privacy by sharing personal info,complaint
I found my private messages shared publicly,complaint
A person committed fraud in my name,complaint
Someone created a fake resume pretending to be me,complaint
I am accused of cheating with someone else work,complaint
A person defames me with false allegations,complaint
Someone leaked my confidential information,complaint
I am suffering financial fraud in my name,complaint
A person spread false rumors about my family,complaint
Someone violated my privacy with hidden recordings,complaint
I found false information spread about my sexuality,complaint
A person committed identity fraud using my details,complaint
Someone spread lies about my academic performance,complaint
I am being defamed with fabricated stories,complaint
A person violated my privacy through surveillance,complaint
Someone spread false rumors about me ruining my reputation (This is happening to me regularly),complaint
A person posted lies about me on social media (This is happening to me regularly),complaint
Someone made false accusations to damage me (This is happening to me regularly),complaint
I am being defamed through false posts (This is happening to me regularly),complaint
A person spread fake stories about my character (This is happening to me regularly),complaint
Someone violated my privacy by sharing personal info (This is happening to me regularly),complaint
I found my private messages shared publicly (This is happening to me regularly),complaint
A person committed fraud in my name (This is happening to me regularly),complaint
Someone created a fake resume pretending to be me (This is happening to me regularly),complaint
I am accused of cheating with someone else work (This is happening to me regularly),complaint
A person defames me with false allegations (This is happening to me regularly),complaint
Someone leaked my confidential information (This is happening to me regularly),complaint
I am suffering financial fraud in my name (This is happening to me regularly),complaint
A person spread false rumors about my family (This is happening to me regularly),complaint
Someone violated my privacy with hidden recordings (This is happening to me regularly),complaint
I found false information spread about my sexuality (This is happening to me regularly),complaint
A person committed identity fraud using my details (This is happening to me regularly),complaint
Someone spread lies about my academic performance (This is happening to me regularly),complaint
I am being defamed with fabricated stories (This is happening to me regularly),complaint
A person violated my privacy through surveillance (This is happening to me regularly),complaint
Someone is spreading false rumors about me,complaint
My reputation is being damaged with lies,complaint
Someone defames me publicly,complaint
My private information is being shared,complaint
Someone defrauded me,complaint
False information about me is spread,complaint
My privacy is violated,complaint
Someone makes false accusations against me,complaint
My personal details are misused,complaint
Someone pasted posters in my neighborhood claiming I am a thief and criminal,complaint
A person published a blog post with completely fabricated allegations about me,complaint
They leaked my confidential medical history and psychiatric records online,complaint
Someone created a fake Facebook post claiming I committed fraud and scamming,complaint
A rival student spread false rumors to the placement cell that I cheated in exams,complaint
They recorded my private phone call without consent and shared an edited snippet,complaint
Someone circulated a fake newspaper clipping accusing my family of financial crimes,complaint
A person gave false statements to local reporters to damage my professional career,complaint
They accessed my bank statements illegally and shared my financial info publicly,complaint
Someone sent anonymous malicious letters to my company HR to get me fired,complaint
my classmate took my photos without my permission,complaint
he defamed me in instagram,complaint
someone defamed me on social media,complaint
they posted defamatory claims about me on instagram,complaint
he is defaming my character in whatsapp groups,complaint
someone defamed my reputation by posting lies on twitter,complaint
they circulated false defamatory statements about me online,complaint
someone published defamatory rumors about me on facebook,complaint
he made defamatory allegations against me publicly,complaint
a person is telling lies about me and ruining my name and reputation on facebook,complaint
someone is spreading false rumors about me on social media to ruin my reputation,complaint
they are telling lies about me online and damaging my image,complaint
a person is telling lies and ruining my reputation on instagram,complaint
someone spread false rumors about me on whatsapp and ruined my name,complaint
they are making false claims about me on facebook to damage my reputation,complaint
a person is falsely accusing me on social media and ruining my name,complaint
A professor said girls are naturally bad at technical subjects,complaint
I am given lower grade than boys for the same work,complaint
A teacher told me women should not pursue engineering,complaint
My family will not let me out because I am a woman,complaint
A colleague said women are too emotional for leadership,complaint
I am denied opportunities because I am male and stereotyped,complaint
A person said I should focus on cooking instead of studies,complaint
Someone told me to act more feminine or masculine,complaint
A teacher assigns less important projects to girls,complaint
A person assumes I am weak because of my gender,complaint
I am paid less than colleagues for the same work,complaint
A senior said women should not be out late,complaint
Someone questioned my capability because of my gender,complaint
A professor called on girls less in class,complaint
I was told I am too pretty to be taken seriously,complaint
A person made assumptions about my abilities due to gender,complaint
I face different rules than opposite gender,complaint
Someone said my gender makes me unsuitable for the job,complaint
A teacher gives better grades to boys,complaint
A person underestimated me based on gender,complaint
A professor said girls are naturally bad at technical subjects (This is happening to me regularly),complaint
I am given lower grade than boys for the same work (This is happening to me regularly),complaint
A teacher told me women should not pursue engineering (This is happening to me regularly),complaint
My family will not let me out because I am a woman (This is happening to me regularly),complaint
A colleague said women are too emotional for leadership (This is happening to me regularly),complaint
I am denied opportunities because I am male and stereotyped (This is happening to me regularly),complaint
A person said I should focus on cooking instead of studies (This is happening to me regularly),complaint
Someone told me to act more feminine or masculine (This is happening to me regularly),complaint
A teacher assigns less important projects to girls (This is happening to me regularly),complaint
A person assumes I am weak because of my gender (This is happening to me regularly),complaint
I am paid less than colleagues for the same work (This is happening to me regularly),complaint
A senior said women should not be out late (This is happening to me regularly),complaint
Someone questioned my capability because of my gender (This is happening to me regularly),complaint
A professor called on girls less in class (This is happening to me regularly),complaint
I was told I am too pretty to be taken seriously (This is happening to me regularly),complaint
A person made assumptions about my abilities due to gender (This is happening to me regularly),complaint
I face different rules than opposite gender (This is happening to me regularly),complaint
Someone said my gender makes me unsuitable for the job (This is happening to me regularly),complaint
A teacher gives better grades to boys (This is happening to me regularly),complaint
A person underestimated me based on gender (This is happening to me regularly),complaint
I face discrimination because of my gender,complaint
I am treated unfairly because I am a girl,complaint
I am treated unfairly because I am a boy,complaint
My gender is used against me,complaint
I face gender-based discrimination,complaint
I am denied opportunities due to my gender,complaint
People stereotype me based on my gender,complaint
I face sexist comments and behavior,complaint
My gender affects how people treat me,complaint
I face discrimination for being transgender,complaint
I am facing gender discrimination,complaint
I am discriminated against for my gender,complaint
my gender determines how people treat me,complaint
I face gender-based treatment,complaint
I am denied opportunities because of my gender,complaint
people stereotype me based on gender,complaint
I am treated unfairly because of my gender,complaint
my gender affects my opportunities,complaint
gender discrimination affects me,complaint
The college imposes a 6 PM curfew for female students but allows boys out till 10 PM,complaint
A professor told me that women are not suited for mechanical engineering,complaint
I was rejected from the student council head role because the committee preferred a male,complaint
They told me female students cannot stay in the laboratory after evening hours,complaint
A faculty member made sexist remarks asking why girls bother studying when they just marry,complaint
Female students were denied permission to participate in the annual sports tournament,complaint
The placement officer told companies not to hire female candidates for fieldwork,complaint
I was asked invasive questions about my marriage and family plans during a PhD interview,complaint
Male students were given access to research equipment while female students were denied,complaint
They treated transgender students with disrespect and denied access to proper facilities,complaint
I am treated unfairly because I am from a poor family,complaint
A person discriminates against me based on my appearance,complaint
I face discrimination due to my disability,complaint
A person treats me differently because of my family background,complaint
I am excluded due to my economic status,complaint
A person discriminates against me based on age,complaint
I face unfair treatment due to my occupation,complaint
A person treats me poorly due to where I am from,complaint
I am discriminated against due to my accent,complaint
A person excludes me due to my beliefs,complaint
I face discrimination at work due to my background,complaint
A person treats me poorly due to my lifestyle,complaint
I am excluded from activities due to my status,complaint
A person discriminates based on my education level,complaint
I face unfair treatment due to my family structure,complaint
A person treats me poorly due to my social status,complaint
I am discriminated against due to my orientation,complaint
A person excludes me based on stereotypes,complaint
I face bias due to my cultural background,complaint
A person treats me unfairly due to my social circle,complaint
I am treated unfairly because I am from a poor family (This is happening to me regularly),complaint
A person discriminates against me based on my appearance (This is happening to me regularly),complaint
I face discrimination due to my disability (This is happening to me regularly),complaint
A person treats me differently because of my family background (This is happening to me regularly),complaint
I am excluded due to my economic status (This is happening to me regularly),complaint
A person discriminates against me based on age (This is happening to me regularly),complaint
I face unfair treatment due to my occupation (This is happening to me regularly),complaint
A person treats me poorly due to where I am from (This is happening to me regularly),complaint
I am discriminated against due to my accent (This is happening to me regularly),complaint
A person excludes me due to my beliefs (This is happening to me regularly),complaint
I face discrimination at work due to my background (This is happening to me regularly),complaint
A person treats me poorly due to my lifestyle (This is happening to me regularly),complaint
I am excluded from activities due to my status (This is happening to me regularly),complaint
A person discriminates based on my education level (This is happening to me regularly),complaint
I face unfair treatment due to my family structure (This is happening to me regularly),complaint
A person treats me poorly due to my social status (This is happening to me regularly),complaint
I am discriminated against due to my orientation (This is happening to me regularly),complaint
A person excludes me based on stereotypes (This is happening to me regularly),complaint
I face bias due to my cultural background (This is happening to me regularly),complaint
A person treats me unfairly due to my social circle (This is happening to me regularly),complaint
I face general discrimination,complaint
I am treated unfairly,complaint
Discrimination is happening to me,complaint
I am discriminated against,complaint
I experience prejudicial treatment,complaint
I am denied equal treatment,complaint
Discrimination affects my opportunities,complaint
The university buildings have no wheelchair ramps and the administration refused accommodation,complaint
A professor mocked my speech impediment and stutter in front of the entire class,complaint
I was denied hostel accommodation because I suffer from a chronic medical disability,complaint
Classmates made fun of my rural background and poor English communication skills,complaint
The department refused to provide exam question papers in accessible format for blind students,complaint
I was excluded from college clubs because I come from an impoverished family background,complaint
A teacher openly ridiculed students from state government schools,complaint
They refused to admit my service animal on campus despite medical documentation,complaint
I was mocked and treated as inferior because I work a night job to pay tuition,complaint
The university refused to provide wheelchair ramp access or accommodations for my physical disability,complaint
A professor refused to grant extra exam time despite my official medical disability certificate,complaint
The college hostel denied accommodation because of my chronic health condition,complaint
I was mocked and excluded by classmates because of my family's poor financial background,complaint
The placement coordinator discouraged recruiters from interviewing students with physical disabilities,complaint
A faculty member discriminated against me because I spoke broken English with a rural background,complaint
The institute refused reasonable accommodations for a visually impaired student,complaint
They excluded me from college committee positions solely due to my socio-economic background,complaint
A teacher made demeaning comments about students coming from underprivileged poor families,complaint
The college refused to provide sign language interpreter or disability support services,complaint
I was denied equal opportunity to participate in sports due to arbitrary physical bias,complaint
Management discriminated against students from regional language schooling backgrounds,complaint
The administration refused to install basic accessible infrastructure for disabled students,complaint
Classmates isolated and ridiculed me because of my modest economic background,complaint
The university denied equal opportunities based on arbitrary socio-economic discrimination,complaint
Someone created a fake account pretending to be me,complaint
A person posted my personal information online,complaint
Someone leaked my home address on social media,complaint
I found my intimate photos shared without permission,complaint
A person shared my phone number publicly online,complaint
Someone impersonated me to damage my reputation,complaint
I found deepfake videos of me online,complaint
A person shared my family addresses,complaint
Someone used my photos to create fake accounts,complaint
I found my location tracked and shared,complaint
A person leaked my workplace information,complaint
Someone created videos with my face,complaint
I found my personal details posted on forums,complaint
A person hacked my account and impersonated me,complaint
Someone shared screenshots of my private conversations,complaint
I found my intimate images morphed and shared,complaint
A person created a fake profile to impersonate me,complaint
Someone shared my educational details publicly,complaint
I found myself being impersonated in multiple forums,complaint
A person shared my contact information for harassment,complaint
Someone created a fake account pretending to be me (This is happening to me regularly),complaint
A person posted my personal information online (This is happening to me regularly),complaint
Someone leaked my home address on social media (This is happening to me regularly),complaint
I found my intimate photos shared without permission (This is happening to me regularly),complaint
A person shared my phone number publicly online (This is happening to me regularly),complaint
Someone impersonated me to damage my reputation (This is happening to me regularly),complaint
I found deepfake videos of me online (This is happening to me regularly),complaint
A person shared my family addresses (This is happening to me regularly),complaint
Someone used my photos to create fake accounts (This is happening to me regularly),complaint
I found my location tracked and shared (This is happening to me regularly),complaint
A person leaked my workplace information (This is happening to me regularly),complaint
Someone created videos with my face (This is happening to me regularly),complaint
I found my personal details posted on forums (This is happening to me regularly),complaint
A person hacked my account and impersonated me (This is happening to me regularly),complaint
Someone shared screenshots of my private conversations (This is happening to me regularly),complaint
I found my intimate images morphed and shared (This is happening to me regularly),complaint
A person created a fake profile to impersonate me (This is happening to me regularly),complaint
Someone shared my educational details publicly (This is happening to me regularly),complaint
I found myself being impersonated in multiple forums (This is happening to me regularly),complaint
A person shared my contact information for harassment (This is happening to me regularly),complaint
Someone impersonated me on social media,complaint
My identity was stolen online,complaint
Someone created a fake account in my name,complaint
Someone spread my personal information,complaint
My private information was leaked online,complaint
Someone shared my address and phone number,complaint
I was doxxed on social media,complaint
Someone impersonates me to harass others,complaint
My personal details were made public without consent,complaint
Someone created a fake profile pretending to be me,complaint
someone impersonated me and shared harmful content,complaint
my identity was stolen and misused,complaint
someone is impersonating me online,complaint
my personal information was leaked online,complaint
someone doxxed me on social media,complaint
my address and phone were shared without permission,complaint
someone shared my personal details online,complaint
my identity is being used to harm me,complaint
my identity was misused online,complaint
someone created fake account as me,complaint
identity theft happened,complaint
someone stole my online identity,complaint
fake profile impersonating me,complaint
my info was shared online without consent,complaint
"Someone posted my full residential address, phone number, and family photos on Twitter",complaint
"A fake Tinder profile was made using my photos, real name, and phone number",complaint
"Someone leaked my Aadhaar card number, PAN details, and student ID online",complaint
A person created an exact clone of my Instagram account and is scamming my followers,complaint
My home location and daily commuting schedule were published on an anonymous forum,complaint
Someone registered my phone number on multiple adult dating websites to harass me,complaint
A fake email address in my name was used to send offensive emails to college professors,complaint
They leaked my private WhatsApp contact list and personal email accounts online,complaint
Someone used my photograph and forged documents to apply for online credit cards,complaint
someone is using my face in instagram,complaint
someone is using my photos on instagram,complaint
an account is using my picture and pretending to be me,complaint
someone created a fake profile with my face on instagram,complaint
they made an account using my photos without asking,complaint
someone stole my pictures to create a fake instagram account,complaint
an anonymous user created a profile using my photo and name,complaint
someone is using my face and name on facebook without consent,complaint
a fake account is impersonating me using my private photos,complaint
someone made a duplicate profile using my pictures,complaint
My college is blocking my TC because I complained,complaint
A professor is retaliating against me for reporting abuse,complaint
The college will not investigate harassment complaints,complaint
A teacher is giving me bad marks for reporting them,complaint
The administration is covering up abuse cases,complaint
I am being threatened with expulsion for complaining,complaint
A college official is demanding money for favors,complaint
The college is illegally holding my original documents,complaint
A teacher is sexually harassing me and administration ignores,complaint
I am facing institutional retaliation for speaking up,complaint
The college is biased against me for my caste,complaint
An administrator abused me and there is no investigation,complaint
The college administration is ignoring rape complaints,complaint
A faculty member is abusing power over my grades,complaint
The institution is enabling serial abusers,complaint
I am being punished for reporting misconduct,complaint
The college will not let me change my hostel after abuse,complaint
An official is extorting money for college favors,complaint
The administration is covering up a crime,complaint
I am facing administrative punishment for reporting harassment,complaint
My college is blocking my TC because I complained (This is happening to me regularly),complaint
A professor is retaliating against me for reporting abuse (This is happening to me regularly),complaint
The college will not investigate harassment complaints (This is happening to me regularly),complaint
A teacher is giving me bad marks for reporting them (This is happening to me regularly),complaint
The administration is covering up abuse cases (This is happening to me regularly),complaint
I am being threatened with expulsion for complaining (This is happening to me regularly),complaint
A college official is demanding money for favors (This is happening to me regularly),complaint
The college is illegally holding my original documents (This is happening to me regularly),complaint
A teacher is sexually harassing me and administration ignores (This is happening to me regularly),complaint
I am facing institutional retaliation for speaking up (This is happening to me regularly),complaint
The college is biased against me for my caste (This is happening to me regularly),complaint
An administrator abused me and there is no investigation (This is happening to me regularly),complaint
The college administration is ignoring rape complaints (This is happening to me regularly),complaint
A faculty member is abusing power over my grades (This is happening to me regularly),complaint
The institution is enabling serial abusers (This is happening to me regularly),complaint
I am being punished for reporting misconduct (This is happening to me regularly),complaint
The college will not let me change my hostel after abuse (This is happening to me regularly),complaint
An official is extorting money for college favors (This is happening to me regularly),complaint
The administration is covering up a crime (This is happening to me regularly),complaint
I am facing administrative punishment for reporting harassment (This is happening to me regularly),complaint
The college is denying my basic rights,complaint
The institution is acting unfairly towards me,complaint
College authorities are abusing their power,complaint
Institutional negligence caused me harm,complaint
The college failed to protect me,complaint
Institutional policies are discriminatory,complaint
College management is corrupt,complaint
I am unfairly punished by the institution,complaint
Institutional authorities are biased against me,complaint
A professor demanded that I do his personal domestic household chores for exam marks,complaint
The department head demanded a bribe in cash to sign my research thesis submission,complaint
"When I filed a complaint with the ICC, the administration retaliated by failing me",complaint
Faculty members fabricated attendance records to debar protesting students from exams,complaint
The warden entered students' private hostel rooms without notice and confiscated property,complaint
The management covered up a serious safety incident and pressured victims into silence,complaint
A teacher threatened to ruin our career prospects if we gave negative feedback on faculty reviews,complaint
The university administration refused to convene the Anti-Ragging committee after a formal complaint,complaint
Marks were arbitrarily awarded based on personal favoritism rather than exam performance,complaint
The college Internal Complaints Committee refused to accept my sexual harassment complaint,complaint
The professor retaliated against me by failing me in exams after I reported his misconduct,complaint
The HOD threatened to cancel my research fellowship if I spoke to the inspection committee,complaint
The university administration covered up ragging incidents to protect college reputation,complaint
The college proctor victimized me and forced me to withdraw my formal police report,complaint
The principal conducted a biased disciplinary inquiry without giving me a chance to speak,complaint
Faculty members formed an internal committee that dismissed my complaint without investigation,complaint
The department head deliberately withheld my thesis submission because of personal grudge,complaint
The institute administration protected a senior professor accused of serious misconduct,complaint
College management retaliated against student protestors by giving arbitrary suspensions,complaint
The anti-ragging squad in our college ignored multiple written complaints of abuse,complaint
The dean warned me that reporting abuse would destroy my academic future and career,complaint
The examination committee arbitrarily cancelled my answer sheets without valid inquiry,complaint
The college authorities refused to provide CCTV footage of the assault on campus,complaint
Management threatened to cancel my degree if I filed an official complaint with UGC,complaint
The institutional board conducted a kangaroo court and expelled me without due process,complaint
The college administration shielded abusive seniors from legal action,complaint
Faculty members colluded to manipulate internal marks to fail targeted students,complaint
The proctorial board forced me to sign a confession letter under duress,complaint
The university ombudsperson dismissed my grievance petition without hearing evidence,complaint
The college head of department abused authority to victimize me academically,complaint
The administration refused to constitute a mandatory Internal Complaints Committee (ICC),complaint
The institute ignored statutory UGC guidelines and punished the whistleblower student,complaint
A professor abused his official power to demand personal favors from students,complaint
College management buried the official inquiry report to protect influential staff,complaint
Someone posted hateful videos about my religion online,complaint
I see posts calling for violence against my community,complaint
A person made anti-Dalit posts targeting me,complaint
Someone posted racist content about Northeast Indians,complaint
I am targeted by online hate speech about my caste,complaint
A person shared hateful comments about women,complaint
I see organized hate posts about my community,complaint
Someone posted misogynistic content targeting me,complaint
A person shared Islamophobic content online,complaint
I am targeted by coordinated hate campaigns,complaint
Someone posted dehumanizing content about my group,complaint
A person made threats wrapped in hate speech,complaint
I see online communities organizing hate against my kind,complaint
Someone posted to incite violence against my community,complaint
A person shared content portraying my religion negatively,complaint
I am targeted by casteist hate speech online,complaint
Someone posted xenophobic content about my region,complaint
A person shared homophobic hate speech targeting me,complaint
I see content calling for discrimination against my group,complaint
Someone organized hate speech against my community,complaint
Someone posted hateful videos about my religion online (This is happening to me regularly),complaint
I see posts calling for violence against my community (This is happening to me regularly),complaint
A person made anti-Dalit posts targeting me (This is happening to me regularly),complaint
Someone posted racist content about Northeast Indians (This is happening to me regularly),complaint
I am targeted by online hate speech about my caste (This is happening to me regularly),complaint
A person shared hateful comments about women (This is happening to me regularly),complaint
I see organized hate posts about my community (This is happening to me regularly),complaint
Someone posted misogynistic content targeting me (This is happening to me regularly),complaint
A person shared Islamophobic content online (This is happening to me regularly),complaint
I am targeted by coordinated hate campaigns (This is happening to me regularly),complaint
Someone posted dehumanizing content about my group (This is happening to me regularly),complaint
A person made threats wrapped in hate speech (This is happening to me regularly),complaint
I see online communities organizing hate against my kind (This is happening to me regularly),complaint
Someone posted to incite violence against my community (This is happening to me regularly),complaint
A person shared content portraying my religion negatively (This is happening to me regularly),complaint
I am targeted by casteist hate speech online (This is happening to me regularly),complaint
Someone posted xenophobic content about my region (This is happening to me regularly),complaint
A person shared homophobic hate speech targeting me (This is happening to me regularly),complaint
I see content calling for discrimination against my group (This is happening to me regularly),complaint
Someone organized hate speech against my community (This is happening to me regularly),complaint
I receive hate speech online,complaint
Hateful comments are directed at me,complaint
I am targeted with hate speech,complaint
Offensive hate speech is posted about me,complaint
I receive messages containing hate speech,complaint
Someone uses hateful slurs against me online,complaint
I face hate-based comments online,complaint
Someone spreads hate speech about my community,complaint
I receive threatening hate messages,complaint
hateful comments target me,complaint
I am attacked with hate speech,complaint
hate messages are sent to me,complaint
I face online hate,complaint
someone posts hateful content about me,complaint
hate-filled comments target me,complaint
Someone posted a video calling for the lynching and expulsion of my community,complaint
A group is spreading genocidal memes and incitement to violence on Telegram,complaint
They shared vile dehumanizing cartoons depicting my religious and ethnic group,complaint
A public page is encouraging physical attacks against minority students in town,complaint
People are posting hate-filled rants threatening the annihilation of our group,complaint
Someone circulated hate speech pamphlets calling our community parasites and traitors,complaint
A verified social media account called for economic boycotts and attacks on our community,complaint
They are organizing coordinated online mobs to harass members of our community,complaint
Someone created a public social media group calling for violent attacks on our community,complaint
A viral post is inciting religious hatred and mob violence against minorities,complaint
People are circulating hate speech videos targeting specific ethnic communities online,complaint
Someone posted death threats and hate speech targeting lower caste communities on Twitter,complaint
A popular influencer published hate speech videos inciting riots against our faith,complaint
They created a Telegram channel dedicated to spreading communal hatred and genocidal threats,complaint
An online group is actively circulating hate speech to provoke communal violence,complaint
Someone published defamatory hate material inciting hatred against our religious group,complaint
People are mass-sharing hate speech memes calling for the extermination of our people,complaint
A Facebook page is broadcasting inflammatory hate speeches against minority students,complaint
Someone uploaded a hate speech podcast calling for violent boycott of our community,complaint
They are running a coordinated online hate campaign to provoke riots against our region,complaint
An online account is posting genocidal hate messages against Dalit and tribal communities,complaint
A hate speech channel on YouTube is circulating false propaganda to incite mob violence,complaint
Someone posted an online video threatening violence against all people of my faith,complaint
They are publishing communal hate propaganda on public social media forums,complaint
An online group is inciting hatred against North East Indians with violent threats,complaint
Someone posted provocative hate speeches to incite communal disharmony online,complaint
They are broadcasting hate messages inciting religious discrimination and violence,complaint
A viral hate campaign online is calling for attacks on minority student groups,complaint
a person is hating on my community on instagram,complaint
someone is spreading hate against my community on social media,complaint
they are targeting my community with hateful comments online,complaint
a person keeps posting hate speech against my community on instagram,complaint
someone is spreading hatred against our group on facebook,complaint
they are making hateful posts targeting people from my community,complaint
an account is constantly posting hateful content attacking my community,complaint
a person is hating on people from my religion on twitter,complaint
someone is spreading hate about people like me on social media,complaint
My senior punched me in the face,complaint
A boy hit me with a stick,complaint
They kicked me during a fight,complaint
Someone beat me up behind the hostel,complaint
A group attacked me and I got injured,complaint
He slapped me hard across the face,complaint
They threw me against the wall,complaint
Multiple people assaulted me in the bathroom,complaint
A teacher pushed me and I fell,complaint
My senior punched my stomach repeatedly,complaint
Someone attacked me with an iron rod,complaint
They beat me with a cricket bat,complaint
A gang of students beat me up,complaint
I got physically hurt by a senior,complaint
Someone threw me down the stairs,complaint
A person hit me with a water bottle,complaint
I was beaten up by multiple attackers,complaint
My hostel senior kicked me repeatedly,complaint
Someone struck me with a shoe,complaint
A teacher physically abused me,complaint
They punched me during an argument,complaint
I got struck with a wooden plank,complaint
My arm was twisted violently,complaint
Someone choked me during a fight,complaint
A senior broke my phone and hit me,complaint
My senior punched me in the face (This is happening to me regularly),complaint
A boy hit me with a stick (This is happening to me regularly),complaint
They kicked me during a fight (This is happening to me regularly),complaint
Someone beat me up behind the hostel (This is happening to me regularly),complaint
A group attacked me and I got injured (This is happening to me regularly),complaint
He slapped me hard across the face (This is happening to me regularly),complaint
They threw me against the wall (This is happening to me regularly),complaint
Multiple people assaulted me in the bathroom (This is happening to me regularly),complaint
A teacher pushed me and I fell (This is happening to me regularly),complaint
My senior punched my stomach repeatedly (This is happening to me regularly),complaint
Someone attacked me with an iron rod (This is happening to me regularly),complaint
They beat me with a cricket bat (This is happening to me regularly),complaint
A gang of students beat me up (This is happening to me regularly),complaint
I got physically hurt by a senior (This is happening to me regularly),complaint
Someone threw me down the stairs (This is happening to me regularly),complaint
A person hit me with a water bottle (This is happening to me regularly),complaint
I was beaten up by multiple attackers (This is happening to me regularly),complaint
My hostel senior kicked me repeatedly (This is happening to me regularly),complaint
Someone struck me with a shoe (This is happening to me regularly),complaint
A teacher physically abused me (This is happening to me regularly),complaint
They punched me during an argument (This is happening to me regularly),complaint
I got struck with a wooden plank (This is happening to me regularly),complaint
My arm was twisted violently (This is happening to me regularly),complaint
Someone choked me during a fight (This is happening to me regularly),complaint
A senior broke my phone and hit me (This is happening to me regularly),complaint
My uncle beat me,complaint
My uncle hit me badly,complaint
Someone beat me at home,complaint
My family member attacked me,complaint
A student hit me with a stick,complaint
Someone beat me up,complaint
I was physically attacked,complaint
My peer pushed me against the wall,complaint
Someone threw something at me and hurt me,complaint
A group of students beat me,complaint
My classmate kicked me,complaint
Someone stabbed me with a knife,complaint
I was slapped and hit,complaint
Someone punched me multiple times,complaint
A person attacked me physically,complaint
I got into a physical fight and got hurt,complaint
My senior violently attacked me,complaint
A senior attacked me with an iron rod outside the main gate,complaint
They cornered me behind the gym and beat me with wooden sticks,complaint
A student stabbed my arm with a compass during an argument in class,complaint
I was attacked by a gang of boys and suffered multiple fractures and bleeding,complaint
Someone struck my head with a glass bottle in the hostel canteen,complaint
My roommate punched me in the eye and choked me until I lost consciousness,complaint
A group of seniors dragged me into a bathroom and kicked me repeatedly in the ribs,complaint
Someone slapped me across the face and shoved me down the staircase,complaint
I was physically beaten up by local goons hired by another student,complaint
They threw hot tea on my face and burned my skin intentionally,complaint
People discriminate against me because I am from Northeast,complaint
A teacher made racist jokes about my region,complaint
Someone called me a foreigner and kicked me out,complaint
My classmates do not include me because of my race,complaint
A person said all people from my region are terrorists,complaint
I was denied entry to a club because of my appearance,complaint
Someone said my accent makes me inferior,complaint
A senior called me by a racist slur,complaint
People assume I am poor because of my ethnicity,complaint
Someone made racist comments about my skin color,complaint
I was targeted for being from a tribal community,complaint
A teacher made demeaning comments about my region,complaint
Someone said I do not belong in India,complaint
A person excluded me for being from Northeast India,complaint
My colleagues made stereotypical jokes about my region,complaint
Someone refused to sit with me due to my race,complaint
A person said my community is backward,complaint
I was bullied for having a regional accent,complaint
Someone made comments about my facial features,complaint
A senior said people from my region are uneducated,complaint
People discriminate against me because I am from Northeast (This is happening to me regularly),complaint
A teacher made racist jokes about my region (This is happening to me regularly),complaint
Someone called me a foreigner and kicked me out (This is happening to me regularly),complaint
My classmates do not include me because of my race (This is happening to me regularly),complaint
A person said all people from my region are terrorists (This is happening to me regularly),complaint
I was denied entry to a club because of my appearance (This is happening to me regularly),complaint
Someone said my accent makes me inferior (This is happening to me regularly),complaint
A senior called me by a racist slur (This is happening to me regularly),complaint
People assume I am poor because of my ethnicity (This is happening to me regularly),complaint
Someone made racist comments about my skin color (This is happening to me regularly),complaint
I was targeted for being from a tribal community (This is happening to me regularly),complaint
A teacher made demeaning comments about my region (This is happening to me regularly),complaint
Someone said I do not belong in India (This is happening to me regularly),complaint
A person excluded me for being from Northeast India (This is happening to me regularly),complaint
My colleagues made stereotypical jokes about my region (This is happening to me regularly),complaint
Someone refused to sit with me due to my race (This is happening to me regularly),complaint
A person said my community is backward (This is happening to me regularly),complaint
I was bullied for having a regional accent (This is happening to me regularly),complaint
Someone made comments about my facial features (This is happening to me regularly),complaint
A senior said people from my region are uneducated (This is happening to me regularly),complaint
I face racism based on my ethnicity,complaint
People treat me differently due to my race,complaint
I am discriminated against because of my race,complaint
Racist comments are made about me,complaint
I am excluded due to my race,complaint
People use racist slurs against me,complaint
I face racial discrimination,complaint
My race determines how people treat me,complaint
I am stereotyped based on my race,complaint
Racist behavior is directed at me,complaint
I was mocked because of my dark skin,complaint
My friends made fun of my skin color,complaint
Someone insulted me because my complexion is dark,complaint
I was treated differently because of my skin tone,complaint
My classmates teased me for being dark-skinned,complaint
Someone said I would look better with lighter skin,complaint
People made jokes about how dark my skin is,complaint
I was excluded because my skin was darker than theirs,complaint
Someone called my dark complexion unattractive,complaint
My friends compared my skin color negatively to theirs,complaint
I was embarrassed because someone mocked my skin tone,complaint
People treated me as less attractive because of my dark skin,complaint
Someone made offensive comments about the color of my skin,complaint
My classmates laughed at me because I have dark skin,complaint
I was told that lighter skin is more beautiful,complaint
Someone made me feel ashamed of my natural skin color,complaint
My peers kept making jokes about my complexion,complaint
I was judged negatively because of my skin tone,complaint
Someone told me I was too dark to be attractive,complaint
I experienced discrimination because of the color of my skin,complaint
Students from Delhi called me chinki and told me to go back to China because of my face,complaint
A landlord refused to rent to me because I am from Manipur and Northeast India,complaint
Classmates made offensive remarks about people from the Northeast eating dogs and weird food,complaint
An African international student was surrounded and racially abused by a mob,complaint
They mockingly pulled their eyes back when I walked into the lecture hall,complaint
A teacher made derogatory generalizations about students from tribal backgrounds,complaint
I was subjected to racist slurs and taunted as an outsider in my own country,complaint
People on campus constantly question my citizenship and nationality because of my facial features,complaint
They refused to sit next to me on the college bus because of my race and ethnicity,complaint
my friends mocked me because i am black,complaint
they exclude me becuase i am black,complaint
they make fun of me becuase i am black,complaint
they mock me for being black,complaint
they exclude me for being black,complaint
they always bully me for being black,complaint
they harass me for being black,complaint
they discriminate against me for being black,complaint
they taunt me for being black,complaint
they avoided me because i am black,complaint
people treat me differently because i am black,complaint
they refused to include me because i am black,complaint
they look down on me because of my skin color,complaint
i am excluded and ignored because i am black,complaint
they make racist remarks because i am black,complaint
they treat me unfairly because i am a person of color,complaint
he bullied me,complaint
she bullied me,complaint
they bullied me,complaint
someone bullied me,complaint
he is bullying me,complaint
she is bullying me,complaint
someone is bullying me,complaint
they are bullying me,complaint
I am being bullied,complaint
I was bullied,complaint
people keep bullying me,complaint
a person bullied me,complaint
my peer is bullying me,complaint
the seniors bullied me,complaint
i was bullied by my seniors,complaint
the seniors made me do things that i dont like,complaint
they bullied me and forced me to do things,complaint
My seniors forced me to do humiliating dares,complaint
I was made to crawl and do push-ups as punishment,complaint
Seniors humiliated me in front of the entire batch,complaint
I was forced to perform degrading acts by seniors,complaint
A senior made me sing dirty songs in public,complaint
I was pressured to drink beyond my limits,complaint
Seniors locked me in a room and abused me,complaint
I was forced to reveal my secrets publicly,complaint
A senior made me do push-ups at 2 AM,complaint
I was thrown water balloons and abused verbally,complaint
Seniors forced me to dance like they ordered,complaint
I was made to do degrading physical exercises,complaint
A senior forced me to call him with abusive names,complaint
I was publicly shamed by a group of seniors,complaint
Seniors forced me to perform humiliating tasks,complaint
I was forced to beg for money from juniors,complaint
A senior made me pledge to follow ridiculous rules,complaint
I was forced to stay awake all night,complaint
Seniors made me do their assignments,complaint
I was threatened with worse treatment if I complained,complaint
My seniors forced me to do humiliating dares (This is happening to me regularly),complaint
I was made to crawl and do push-ups as punishment (This is happening to me regularly),complaint
Seniors humiliated me in front of the entire batch (This is happening to me regularly),complaint
I was forced to perform degrading acts by seniors (This is happening to me regularly),complaint
A senior made me sing dirty songs in public (This is happening to me regularly),complaint
I was pressured to drink beyond my limits (This is happening to me regularly),complaint
Seniors locked me in a room and abused me (This is happening to me regularly),complaint
I was forced to reveal my secrets publicly (This is happening to me regularly),complaint
A senior made me do push-ups at 2 AM (This is happening to me regularly),complaint
I was thrown water balloons and abused verbally (This is happening to me regularly),complaint
Seniors forced me to dance like they ordered (This is happening to me regularly),complaint
I was made to do degrading physical exercises (This is happening to me regularly),complaint
A senior forced me to call him with abusive names (This is happening to me regularly),complaint
I was publicly shamed by a group of seniors (This is happening to me regularly),complaint
Seniors forced me to perform humiliating tasks (This is happening to me regularly),complaint
I was forced to beg for money from juniors (This is happening to me regularly),complaint
A senior made me pledge to follow ridiculous rules (This is happening to me regularly),complaint
I was forced to stay awake all night (This is happening to me regularly),complaint
Seniors made me do their assignments (This is happening to me regularly),complaint
I was threatened with worse treatment if I complained (This is happening to me regularly),complaint
Seniors ragged me brutally,complaint
I was ragged severely in the hostel,complaint
Seniors forced me to do humiliating things,complaint
I was subjected to extreme ragging,complaint
Seniors made me perform degrading acts,complaint
I was verbally and physically ragged,complaint
Seniors forced me to drink and party excessively,complaint
I was ragged as part of a group,complaint
Seniors ragged me relentlessly,complaint
I was forced to participate in ragging activities,complaint
Seniors humiliated me through ragging,complaint
I was ragged despite asking them to stop,complaint
Seniors created an intimidating atmosphere,complaint
I experienced traumatic ragging,complaint
Seniors forced first-year students to strip naked and crawl across the hostel corridor,complaint
I was forced to consume alcohol and cigarette butts under threat of violence by seniors,complaint
Seniors kept me awake the entire night standing on one leg and doing physical torture,complaint
They forced me to do obscene sexual gestures in front of the entire hostel wing,complaint
Seniors locked me inside a dark bathroom for five hours as part of an initiation ritual,complaint
I was forced to write assignments for five seniors and clean their dirty laundry daily,complaint
Seniors physically slapped and burned me with hot spoons during hostel ragging,complaint
They made me perform humiliating and degrading acts while recording videos of me,complaint
I was forced to shave my head and walk with my head down across the entire campus,complaint
A professor made derogatory comments about my religion,complaint
I was forced to participate in religious practices not my own,complaint
A roommate refused to share space with me due to my religion,complaint
Someone said people of my faith are terrorists,complaint
I was denied hostel accommodation because of my religion,complaint
A teacher prevented me from leaving class for prayer,complaint
Someone tried to force-feed me non-halal meat,complaint
My classmates excluded me from events due to my religion,complaint
A person said my religious beliefs are wrong,complaint
I was prevented from wearing my religious attire,complaint
A senior made fun of my religious practices,complaint
Someone threatened me for my religious beliefs,complaint
I was told to convert to another religion,complaint
A person vandalized my religious symbols,complaint
A teacher discriminated against me in grades due to religion,complaint
Someone said my religion promotes violence,complaint
I was excluded from meals because of my religion,complaint
A senior made derogatory comments about my faith,complaint
Someone forced me to remove my religious jewelry,complaint
A person said I do not deserve respect due to my religion,complaint
A professor made derogatory comments about my religion (This is happening to me regularly),complaint
I was forced to participate in religious practices not my own (This is happening to me regularly),complaint
A roommate refused to share space with me due to my religion (This is happening to me regularly),complaint
Someone said people of my faith are terrorists (This is happening to me regularly),complaint
I was denied hostel accommodation because of my religion (This is happening to me regularly),complaint
A teacher prevented me from leaving class for prayer (This is happening to me regularly),complaint
Someone tried to force-feed me non-halal meat (This is happening to me regularly),complaint
My classmates excluded me from events due to my religion (This is happening to me regularly),complaint
A person said my religious beliefs are wrong (This is happening to me regularly),complaint
I was prevented from wearing my religious attire (This is happening to me regularly),complaint
A senior made fun of my religious practices (This is happening to me regularly),complaint
Someone threatened me for my religious beliefs (This is happening to me regularly),complaint
I was told to convert to another religion (This is happening to me regularly),complaint
A person vandalized my religious symbols (This is happening to me regularly),complaint
A teacher discriminated against me in grades due to religion (This is happening to me regularly),complaint
Someone said my religion promotes violence (This is happening to me regularly),complaint
I was excluded from meals because of my religion (This is happening to me regularly),complaint
A senior made derogatory comments about my faith (This is happening to me regularly),complaint
Someone forced me to remove my religious jewelry (This is happening to me regularly),complaint
A person said I do not deserve respect due to my religion (This is happening to me regularly),complaint
I face discrimination because of my religion,complaint
People treat me unfairly due to my faith,complaint
I am discriminated against for my religious beliefs,complaint
Disrespectful comments are made about my religion,complaint
I am excluded from activities due to my religion,complaint
My religious beliefs are mocked,complaint
I face religious discrimination,complaint
People target me for my faith,complaint
My religion is used against me,complaint
I face prejudice based on my religion,complaint
The college barred students from wearing a hijab into the examination hall,complaint
Classmates made offensive comments about Muslims being terrorists during class discussions,complaint
A teacher forced non-Hindu students to recite specific religious prayers against their beliefs,complaint
They mocked my turban and beard and called me names in the university library,complaint
The hostel refused to accommodate dietary preferences during sacred fasting periods,complaint
A professor made insulting remarks about Christian missionaries and minority institutions,complaint
Someone desecrated religious symbols on my personal study desk in the hostel,complaint
They refused to allow me five minutes of quiet prayer time during evening study hours,complaint
he raped me,complaint
she was raped,complaint
I was raped,complaint
someone raped me,complaint
he assaulted me sexually,complaint
I was sexually assaulted,complaint
he forced himself on me sexually,complaint
A senior touched me inappropriately without consent,complaint
Someone forced me into a private room and touched me,complaint
I was raped by someone at a party,complaint
A teacher touched me sexually,complaint
Someone tried to remove my clothes forcefully,complaint
I was sexually assaulted by multiple people,complaint
A senior coerced me into sexual activity,complaint
Someone grabbed me inappropriately in the hostel,complaint
I was sexually abused by a family friend,complaint
A stranger tried to rape me,complaint
Someone penetrated me against my will,complaint
I was sexually harassed and then assaulted,complaint
A person forced me to perform sexual acts,complaint
I was molested by someone I trusted,complaint
Someone forced me into a non-consensual sexual situation,complaint
A senior touched me inappropriately without consent (This is happening to me regularly),complaint
Someone forced me into a private room and touched me (This is happening to me regularly),complaint
I was raped by someone at a party (This is happening to me regularly),complaint
A teacher touched me sexually (This is happening to me regularly),complaint
Someone tried to remove my clothes forcefully (This is happening to me regularly),complaint
I was sexually assaulted by multiple people (This is happening to me regularly),complaint
A senior coerced me into sexual activity (This is happening to me regularly),complaint
Someone grabbed me inappropriately in the hostel (This is happening to me regularly),complaint
I was sexually abused by a family friend (This is happening to me regularly),complaint
A stranger tried to rape me (This is happening to me regularly),complaint
Someone penetrated me against my will (This is happening to me regularly),complaint
I was sexually harassed and then assaulted (This is happening to me regularly),complaint
A person forced me to perform sexual acts (This is happening to me regularly),complaint
I was molested by someone I trusted (This is happening to me regularly),complaint
Someone forced me into a non-consensual sexual situation (This is happening to me regularly),complaint
My uncle touched me inappropriately,complaint
My uncle touched me badly,complaint
My uncle has been touching me without permission,complaint
My father touched me in a sexual way,complaint
My cousin touched me at home,complaint
A family member touched me inappropriately,complaint
My uncle tried to touch me sexually,complaint
Uncle touching me without consent,complaint
Someone touched me in a bad way,complaint
I was touched inappropriately by someone,complaint
A person touched me without my consent,complaint
Someone touched my private parts,complaint
I was touched against my will,complaint
Someone grabbed and touched me,complaint
I was touched intimately without permission,complaint
A man touched me inappropriately,complaint
Someone touched me sexually without asking,complaint
I didn't want to be touched that way,complaint
Someone put their hands on me inappropriately,complaint
I was touched while sleeping,complaint
Someone groped me,complaint
I was unwillingly touched by a stranger,complaint
A person touched me in an uncomfortable way,complaint
Someone touched me after I said no,complaint
A senior in hostel touched me,complaint
My roommate touched me without consent,complaint
Someone at a party touched me sexually,complaint
A person at college touched me inappropriately,complaint
"In the classroom, someone touched me badly",complaint
"At work, my boss touched me inappropriately",complaint
"In a bus, someone touched me sexually",complaint
Someone touched me in a public place,complaint
I was sexually touched by a family member,complaint
My uncle made unwanted sexual contact,complaint
Someone I know sexually touched me,complaint
I was touched in a sexual manner against my will,complaint
Someone made non-consensual sexual contact with me,complaint
I experienced unwanted sexual touching,complaint
A person touched me sexually when I didn't want it,complaint
I was touched inappropriately by my relative,complaint
My cousin assaulted me,complaint
A family member forced sexual contact,complaint
My stepfather sexually abused me,complaint
My brother touched me without consent,complaint
My relative tried to rape me,complaint
My teacher sexually assaulted me,complaint
My principal touched me inappropriately,complaint
My coach forced me to do sexual acts,complaint
My instructor sexually abused me,complaint
A senior at college assaulted me,complaint
Someone forced me into sexual activity,complaint
I was sexually assaulted against my will,complaint
Someone raped me at a party,complaint
I was forced to have sex,complaint
Someone penetrated me without consent,complaint
I was coerced into sexual contact,complaint
Someone forced their body on me sexually,complaint
I was sexually attacked,complaint
Someone sexually violated me,complaint
I experienced sexual violence,complaint
I was molested,complaint
I was raped at an off-campus house party after someone spiked my drink,complaint
A senior dragged me into an empty classroom and forcefully molested me,complaint
Someone forced me to perform oral sex against my will under threat of violence,complaint
My cousin sexually assaulted me when I stayed over at his house,complaint
A teacher locked the staff room door and groped my breasts and private parts,complaint
Someone assaulted me sexually while I was incapacitated and unable to resist,complaint
I was subjected to non-consensual penetrative sexual assault by an acquaintance,complaint
A person tried to forcefully rape me in the hostel stairwell late at night,complaint
Someone held my hands behind my back and sexually assaulted me,complaint
I was sexually violated by a senior who promised to help with my internship,complaint
A senior touched my private parts without my consent and asked if I liked it,complaint
My professor keeps making sexual comments to me,complaint
A colleague touches me inappropriately on the shoulder,complaint
Someone sends me unwanted sexual messages,complaint
I get asked inappropriate sexual questions constantly,complaint
A senior makes sexual jokes about me in public,complaint
Someone stares at me in a sexual way,complaint
A teacher calls me for extra classes with sexual innuendo,complaint
My hostel warden makes sexual comments about my body,complaint
A person keeps trying to hug me inappropriately,complaint
Someone asks me to do sexual favors for grades,complaint
A colleague makes explicit comments about me,complaint
Someone keeps trying to kiss me without permission,complaint
A person asks for intimate photos,complaint
Someone sends me explicit videos unsolicited,complaint
My senior asks me out with sexual undertones,complaint
A person makes comments about my body constantly,complaint
Someone tries to grab me inappropriately,complaint
A friend keeps trying to kiss me despite saying no,complaint
Someone sends me unwanted romantic proposals,complaint
A teacher makes inappropriate eye contact and comments,complaint
My professor keeps making sexual comments to me (This is happening to me regularly),complaint
A colleague touches me inappropriately on the shoulder (This is happening to me regularly),complaint
Someone sends me unwanted sexual messages (This is happening to me regularly),complaint
I get asked inappropriate sexual questions constantly (This is happening to me regularly),complaint
A senior makes sexual jokes about me in public (This is happening to me regularly),complaint
Someone stares at me in a sexual way (This is happening to me regularly),complaint
A teacher calls me for extra classes with sexual innuendo (This is happening to me regularly),complaint
My hostel warden makes sexual comments about my body (This is happening to me regularly),complaint
A person keeps trying to hug me inappropriately (This is happening to me regularly),complaint
Someone asks me to do sexual favors for grades (This is happening to me regularly),complaint
A colleague makes explicit comments about me (This is happening to me regularly),complaint
Someone keeps trying to kiss me without permission (This is happening to me regularly),complaint
A person asks for intimate photos (This is happening to me regularly),complaint
Someone sends me explicit videos unsolicited (This is happening to me regularly),complaint
My senior asks me out with sexual undertones (This is happening to me regularly),complaint
A person makes comments about my body constantly (This is happening to me regularly),complaint
Someone tries to grab me inappropriately (This is happening to me regularly),complaint
A friend keeps trying to kiss me despite saying no (This is happening to me regularly),complaint
Someone sends me unwanted romantic proposals (This is happening to me regularly),complaint
A teacher makes inappropriate eye contact and comments (This is happening to me regularly),complaint
My uncle makes inappropriate comments,complaint
Someone makes sexual jokes to me,complaint
I face unwanted sexual comments,complaint
My teacher makes sexual comments about me,complaint
My professor makes inappropriate sexual remarks,complaint
A senior makes sexual jokes directed at me,complaint
Someone keeps making unwanted sexual advances,complaint
My colleague makes sexual comments to me,complaint
A person at work sexually harasses me,complaint
Someone sends me sexual messages at college,complaint
I receive unwanted sexual comments online,complaint
A senior constantly makes sexual remarks,complaint
My classmate makes sexual jokes about my body,complaint
Someone whistles and makes sexual comments,complaint
I am sexually objectified by someone,complaint
A person touches me inappropriately on the shoulder,complaint
Someone keeps asking me for sexual favors,complaint
I face sexual comments and staring,complaint
my colleague harassed me sexually,complaint
my colleague makes sexual remarks,complaint
a colleague harasses me sexually,complaint
A professor constantly stares at my chest and makes suggestive sexual comments,complaint
A senior keeps following me around campus asking me to sleep with him for exam help,complaint
My classmate touches my waist and thigh inappropriately every time we sit in class,complaint
Someone keeps making vulgar obscene noises and catcalling whenever I walk past,complaint
A colleague sends me unwanted romantic gifts and sexual poems despite repeated refusals,complaint
A senior showed me pornographic videos on his phone while sitting next to me in the library,complaint
They make sexual jokes about my body and spread vulgar rumors about my sex life,complaint
A faculty member offered me higher marks in exchange for spending the weekend with him,complaint
Someone repeatedly cornered me in the elevator and tried to force a kiss on me,complaint
my classmate touches my waist and thigh inappropriately every time we sit in classmy cousin sends me vulgar messages and picsmy classmate showed his dick in class,complaint
a stranger mastrubated in front of me,complaint
"A colleague keeps winking, staring at my body, and making suggestive remarks",complaint
A senior student catcalled me and made obscene sexual gestures in the campus hallway,complaint
A professor made lewd remarks about my clothes and invited me to his private hotel room,complaint
Someone constantly whistles and passes vulgar sexual comments whenever I walk past,complaint
A lab instructor touched my lower back and waist inappropriately while demonstrating equipment,complaint
A classmate repeatedly asks intrusive sexual questions about my personal relationship,complaint
A faculty member made suggestive sexual jokes and stared inappropriately during office hours,complaint
Someone cornered me in the college library and made non-consensual sexual advances,complaint
A senior tried to forcefully hug and kiss me at the college cultural festival,complaint
My supervisor suggested that spending personal time with him would guarantee my promotion,complaint
A colleague persistently sends unwanted romantic proposals and sexually suggestive emojis,complaint
Someone catcalled me with explicit sexual language inside the campus cafeteria,complaint
A teacher constantly makes double-meaning jokes with sexual innuendos directed at me,complaint
A senior blocked my way in the stairwell and asked for sexual favors,complaint
Someone made vulgar obscene gestures and touched my arm inappropriately in class,complaint
A coworker repeatedly asks me out for drinks with explicit sexual undertones,complaint
A professor leaned uncomfortably close and whispered sexually inappropriate remarks,complaint
A senior student made lewd comments about my physical appearance in front of classmates,complaint
Someone grabbed my wrist and made unwanted sexual advances in the seminar room,complaint
A colleague keeps making vulgar remarks about my body despite repeated warnings,complaint
my professor touched me inappropriately,complaint
my professor made sexual comments about me in class,complaint
a professor made sexual remarks about my appearance,complaint
my teacher made inappropriate sexual comments towards me,complaint
my professor made unwanted sexual comments and it made me uncomfortable,complaint
a faculty member touched me inappropriately in the lab,complaint
my professor keeps making sexual jokes about me in front of other students,complaint
a teacher made sexual advances towards me after class,complaint
A person follows me everywhere I go,complaint
Someone constantly watches me from a distance,complaint
A person waits for me outside my hostel daily,complaint
I keep seeing the same person near my class,complaint
Someone follows me even when I change routes,complaint
A person obsessively tracks my social media,complaint
I am being followed to my home repeatedly,complaint
A person watches me through my hostel window,complaint
Someone stalks me every time I go out,complaint
A person follows me even to isolated places,complaint
I keep finding the same person wherever I go,complaint
Someone constantly monitors my movements,complaint
A person knows my daily schedule and appears,complaint
I am being followed by someone in a car,complaint
A person obsessively takes photos of me,complaint
Someone follows me despite multiple complaints,complaint
I see the same person every time I leave hostel,complaint
A person waits for me at recurring locations,complaint
Someone follows me persistently for months,complaint
A person appears whenever I am alone,complaint
A person follows me everywhere I go (This is happening to me regularly),complaint
Someone constantly watches me from a distance (This is happening to me regularly),complaint
A person waits for me outside my hostel daily (This is happening to me regularly),complaint
I keep seeing the same person near my class (This is happening to me regularly),complaint
Someone follows me even when I change routes (This is happening to me regularly),complaint
A person obsessively tracks my social media (This is happening to me regularly),complaint
I am being followed to my home repeatedly (This is happening to me regularly),complaint
A person watches me through my hostel window (This is happening to me regularly),complaint
Someone stalks me every time I go out (This is happening to me regularly),complaint
A person follows me even to isolated places (This is happening to me regularly),complaint
I keep finding the same person wherever I go (This is happening to me regularly),complaint
Someone constantly monitors my movements (This is happening to me regularly),complaint
A person knows my daily schedule and appears (This is happening to me regularly),complaint
I am being followed by someone in a car (This is happening to me regularly),complaint
A person obsessively takes photos of me (This is happening to me regularly),complaint
Someone follows me despite multiple complaints (This is happening to me regularly),complaint
I see the same person every time I leave hostel (This is happening to me regularly),complaint
A person waits for me at recurring locations (This is happening to me regularly),complaint
Someone follows me persistently for months (This is happening to me regularly),complaint
A person appears whenever I am alone (This is happening to me regularly),complaint
Someone is following me everywhere,complaint
I am being stalked by a person,complaint
Someone is watching me constantly,complaint
I feel stalked and unsafe,complaint
Someone follows me persistently,complaint
I am stalked at college/home,complaint
Someone monitors my movements,complaint
I am being obsessively followed,complaint
Someone stalks me online and offline,complaint
someone is stalking me,complaint
I am being stalked,complaint
someone follows me everywhere,complaint
someone watches me constantly,complaint
I am being followed persistently,complaint
someone is obsessively following me,complaint
I am stalked online and offline,complaint
stalking behavior is happening,complaint
someone follows me constantly,complaint
I am continuously followed,complaint
persistent following is happening,complaint
someone stalks me persistently,complaint
stalking threat,complaint
A man has been following me home from college every single evening for weeks,complaint
I found a GPS tracker secretly hidden in my scooter by an obsessed classmate,complaint
Someone stands outside my hostel gate every morning staring at my window,complaint
An ex-boyfriend follows my car wherever I drive and parks outside my workplace,complaint
A person knows my daily class schedule and is waiting outside every single classroom,complaint
Someone takes non-consensual photos of me in public and sends them to my phone,complaint
I noticed a man following me through the metro and waiting on the same platform every day,complaint
A person has been watching my apartment with binoculars and sending messages about what I wear,complaint
Someone threatened to kill me if I report them,complaint
A person said they will destroy my family,complaint
I received death threats on social media,complaint
Someone threatened to rape me if I tell anyone,complaint
A person said they know where I live and will harm me,complaint
I got threatened with exposure if I do not comply,complaint
Someone threatened to throw acid on me,complaint
A person threatened to post my intimate photos,complaint
I was threatened with dire consequences,complaint
A person said they will hurt my family members,complaint
Someone threatened to break my bones,complaint
I received anonymous threats on my phone,complaint
A person threatened to implicate me in a false case,complaint
Someone threatened to ruin my career,complaint
I was threatened with suspension if I report,complaint
A person threatened to harm my friends,complaint
Someone threatened me with violence repeatedly,complaint
I received threats of self-harm implications,complaint
A person threatened to publicize my secrets,complaint
Someone threatened to follow me home,complaint
Someone threatened to kill me if I report them (This is happening to me regularly),complaint
A person said they will destroy my family (This is happening to me regularly),complaint
I received death threats on social media (This is happening to me regularly),complaint
Someone threatened to rape me if I tell anyone (This is happening to me regularly),complaint
A person said they know where I live and will harm me (This is happening to me regularly),complaint
I got threatened with exposure if I do not comply (This is happening to me regularly),complaint
Someone threatened to throw acid on me (This is happening to me regularly),complaint
A person threatened to post my intimate photos (This is happening to me regularly),complaint
I was threatened with dire consequences (This is happening to me regularly),complaint
A person said they will hurt my family members (This is happening to me regularly),complaint
Someone threatened to break my bones (This is happening to me regularly),complaint
I received anonymous threats on my phone (This is happening to me regularly),complaint
A person threatened to implicate me in a false case (This is happening to me regularly),complaint
Someone threatened to ruin my career (This is happening to me regularly),complaint
I was threatened with suspension if I report (This is happening to me regularly),complaint
A person threatened to harm my friends (This is happening to me regularly),complaint
Someone threatened me with violence repeatedly (This is happening to me regularly),complaint
I received threats of self-harm implications (This is happening to me regularly),complaint
A person threatened to publicize my secrets (This is happening to me regularly),complaint
Someone threatened to follow me home (This is happening to me regularly),complaint
My uncle threatened to hurt me,complaint
Someone threatened to harm me,complaint
I received death threats from a relative,complaint
Someone threatened to hurt me,complaint
I received death threats from a senior,complaint
Someone threatened to kill me,complaint
I was threatened with violence,complaint
Someone threatened my safety,complaint
I received threatening messages,complaint
Someone threatened to harm my family,complaint
I am being threatened online,complaint
Someone threatened to expose my secrets,complaint
I received threatening calls,complaint
Someone threatened to damage my reputation,complaint
I am threatened if I report them,complaint
someone threatens me online,complaint
I receive threatening messages,complaint
someone threatens my safety,complaint
threatening messages are sent to me,complaint
I face online threats,complaint
online threats are directed at me,complaint
I receive threat messages,complaint
someone threatens me,complaint
threatening behavior online,complaint
online threat messages,complaint
Someone sent me a letter stating they will throw acid on my face if I reject them,complaint
A senior threatened to murder my younger brother if I reported the ragging to the police,complaint
They told me they know where I live and will burn my house down with my family inside,complaint
Someone threatened to shoot me if I showed up to give evidence in court,complaint
I received a voice message saying my life is in danger and I have 24 hours to leave,complaint
They threatened to kidnap me from campus if I don't withdraw the police complaint,complaint
A person threatened to ruin my parents' lives and destroy our family reputation,complaint
They sent pictures of weapons and ammunition with my name written on a bullet,complaint
he threatened to post my private information if i don't comply,complaint
my ex threatens to leak my naked photos online,complaint
they are threatening to expose my secrets if i dont do what they say,complaint
someone sent me a threatening message saying they will harm me if i report,complaint
a person threatened to leak my private photos and destroy my life,complaint
they sent me threatening messages that they would hurt me if i don't pay,complaint
someone is threatening me online and saying they will expose me,complaint
A person constantly insults and abuses me verbally,complaint
Someone calls me degrading names regularly,complaint
I am verbally abused for making mistakes,complaint
A person yells and uses foul language at me,complaint
I am insulted and belittled in front of others,complaint
A person uses harsh words to hurt me daily,complaint
I am verbally assaulted with derogatory comments,complaint
A person abuses me with offensive language,complaint
I am constantly criticized in a demeaning way,complaint
A person uses verbal aggression against me,complaint
I am insulted with personal attacks,complaint
A person verbally demeans me in public,complaint
I am hurt by harsh and cruel verbal comments,complaint
A person uses abusive language when I disagree,complaint
I am verbally attacked for my opinions,complaint
A person insults my intelligence and abilities,complaint
I am verbally abused for my appearance,complaint
A person uses demeaning language toward me,complaint
I am hurt by constant criticism and name-calling,complaint
A person verbally attacks my character,complaint
A person constantly insults and abuses me verbally (This is happening to me regularly),complaint
Someone calls me degrading names regularly (This is happening to me regularly),complaint
I am verbally abused for making mistakes (This is happening to me regularly),complaint
A person yells and uses foul language at me (This is happening to me regularly),complaint
I am insulted and belittled in front of others (This is happening to me regularly),complaint
A person uses harsh words to hurt me daily (This is happening to me regularly),complaint
I am verbally assaulted with derogatory comments (This is happening to me regularly),complaint
A person abuses me with offensive language (This is happening to me regularly),complaint
I am constantly criticized in a demeaning way (This is happening to me regularly),complaint
A person uses verbal aggression against me (This is happening to me regularly),complaint
I am insulted with personal attacks (This is happening to me regularly),complaint
A person verbally demeans me in public (This is happening to me regularly),complaint
I am hurt by harsh and cruel verbal comments (This is happening to me regularly),complaint
A person uses abusive language when I disagree (This is happening to me regularly),complaint
I am verbally attacked for my opinions (This is happening to me regularly),complaint
A person insults my intelligence and abilities (This is happening to me regularly),complaint
I am verbally abused for my appearance (This is happening to me regularly),complaint
A person uses demeaning language toward me (This is happening to me regularly),complaint
I am hurt by constant criticism and name-calling (This is happening to me regularly),complaint
A person verbally attacks my character (This is happening to me regularly),complaint
My uncle insults me constantly,complaint
My father uses abusive language,complaint
I face daily verbal abuse from family,complaint
My senior insults me constantly,complaint
I am verbally abused by a peer,complaint
Someone uses abusive language towards me,complaint
I receive verbal abuse from family,complaint
Someone criticizes me harshly,complaint
I am yelled at and verbally attacked,complaint
Someone uses derogatory terms for me,complaint
I face constant verbal aggression,complaint
Someone belittles me verbally,complaint
I am insulted and degraded verbally,complaint
A professor shouted filthy profanities and called me worthless garbage in front of 100 students,complaint
My hostel roommate screams vulgar abusive curses at me every single night,complaint
Seniors continuously call me disgusting names and shout obscenities whenever they see me,complaint
A student hurled filthy mother-sister abuses at me during a minor disagreement,complaint
They publicly humiliated me in the cafeteria by screaming vulgar derogatory insults,complaint
A faculty member used insulting offensive language to demean my character in front of peers,complaint
Someone sent me a five-minute audio clip containing non-stop vulgar swearing and abuse,complaint
my friend yells bad words at me,complaint
someone yelled bad words and insults at me,complaint
they kept shouting vulgar abuse and bad words,complaint
my classmate yelled dirty abusive words at me in the corridor,complaint
someone screamed foul bad words at me during an argument,complaint
Alright,not_complaint
Alright got it,not_complaint
Anyone?,not_complaint
Appreciate it,not_complaint
Are you a robot,not_complaint
Are you an ai,not_complaint
Are you human,not_complaint
Bye,not_complaint
Can you help me with my math homework,not_complaint
Can you summarize this paragraph,not_complaint
Can you talk to me,not_complaint
Catch you later,not_complaint
Cool,not_complaint
Cool thanks,not_complaint
Correct the grammar in this sentence,not_complaint
Define jurisprudence,not_complaint
Do you have feelings,not_complaint
Do you know any funny jokes,not_complaint
Do you know riddles,not_complaint
Do you like music,not_complaint
Evening,not_complaint
Explain quantum physics,not_complaint
Explain theory of relativity,not_complaint
Fine,not_complaint
Give me a recipe for pasta,not_complaint
Give me a riddle to solve,not_complaint
Give me some study tips,not_complaint
Good afternoon,not_complaint
Good evening,not_complaint
Good morning,not_complaint
Good night,not_complaint
Good night and bye,not_complaint
Goodbye,not_complaint
Got it,not_complaint
Great,not_complaint
Greetings,not_complaint
Have a great day,not_complaint
Have a nice day,not_complaint
Hello,not_complaint
Hello assistant,not_complaint
Hello bot,not_complaint
Hello how are you,not_complaint
Hello there,not_complaint
Hello there bot,not_complaint
Hello!,not_complaint
Hello?,not_complaint
Help,not_complaint
Hey,not_complaint
Hey judi,not_complaint
Hey there,not_complaint
Hey!,not_complaint
Hi,not_complaint
Hi bot,not_complaint
Hi judi,not_complaint
Hi!,not_complaint
Hi?,not_complaint
Hmm,not_complaint
How,not_complaint
How are you,not_complaint
How are you doing,not_complaint
How do computers work,not_complaint
How do you calculate the area of a circle,not_complaint
How do you work,not_complaint
How does photosynthesis work,not_complaint
How does the judiciary system work,not_complaint
How far is the moon,not_complaint
How is it going,not_complaint
How many articles are in the indian constitution,not_complaint
How many continents are there,not_complaint
How many planets are in our solar system,not_complaint
How to become an advocate in india,not_complaint
How to prepare for exams,not_complaint
How to write a formal email,not_complaint
How's the weather today,not_complaint
How's your day,not_complaint
Howdy,not_complaint
I am doing my college assignment,not_complaint
I am doing my college assignment :),not_complaint
I am doing my college assignment please,not_complaint
I am doing my college assignment!,not_complaint
I am doing my college assignment.,not_complaint
I am doing my college assignment?,not_complaint
I am excited for my vacation,not_complaint
I am excited for my vacation :),not_complaint
I am excited for my vacation please,not_complaint
I am excited for my vacation!,not_complaint
I am excited for my vacation.,not_complaint
I am excited for my vacation?,not_complaint
I am feeling happy today,not_complaint
I am feeling happy today :),not_complaint
I am feeling happy today please,not_complaint
I am feeling happy today!,not_complaint
I am feeling happy today.,not_complaint
I am feeling happy today?,not_complaint
I am going to college today,not_complaint
I am going to college today :),not_complaint
I am going to college today please,not_complaint
I am going to college today!,not_complaint
I am going to college today.,not_complaint
I am going to college today?,not_complaint
I am learning how to drive,not_complaint
I am learning how to drive :),not_complaint
I am learning how to drive please,not_complaint
I am learning how to drive!,not_complaint
I am learning how to drive.,not_complaint
I am learning how to drive?,not_complaint
I am studying computer science,not_complaint
I am studying computer science :),not_complaint
I am studying computer science please,not_complaint
I am studying computer science!,not_complaint
I am studying computer science.,not_complaint
I am studying computer science?,not_complaint
I appreciate your help,not_complaint
I ate pizza for lunch,not_complaint
I ate pizza for lunch :),not_complaint
I ate pizza for lunch please,not_complaint
I ate pizza for lunch!,not_complaint
I ate pizza for lunch.,not_complaint
I ate pizza for lunch?,not_complaint
I bought a new laptop yesterday,not_complaint
I bought a new laptop yesterday :),not_complaint
I bought a new laptop yesterday please,not_complaint
I bought a new laptop yesterday!,not_complaint
I bought a new laptop yesterday.,not_complaint
I bought a new laptop yesterday?,not_complaint
I had a cup of coffee,not_complaint
I had a cup of coffee :),not_complaint
I had a cup of coffee please,not_complaint
I had a cup of coffee!,not_complaint
I had a cup of coffee.,not_complaint
I had a cup of coffee?,not_complaint
I love playing basketball,not_complaint
I love playing basketball :),not_complaint
I love playing basketball please,not_complaint
I love playing basketball!,not_complaint
I love playing basketball.,not_complaint
I love playing basketball?,not_complaint
I love watching movies on weekends,not_complaint
I love watching movies on weekends :),not_complaint
I love watching movies on weekends please,not_complaint
I love watching movies on weekends!,not_complaint
I love watching movies on weekends.,not_complaint
I love watching movies on weekends?,not_complaint
Is anyone there,not_complaint
K,not_complaint
Listening to music helps me relax,not_complaint
Make me laugh,not_complaint
Many thanks,not_complaint
Morning,not_complaint
My exam is tomorrow morning,not_complaint
Nah,not_complaint
Namaste,not_complaint
No,not_complaint
No problem,not_complaint
Nope,not_complaint
Ok,not_complaint
Ok thank you,not_complaint
Okay,not_complaint
Okay thanks,not_complaint
Play a game with me,not_complaint
Pls,not_complaint
Recommend a good book to read,not_complaint
Recommend some relaxing songs,not_complaint
Salutations,not_complaint
See you,not_complaint
See you later,not_complaint
Sing a song,not_complaint
Solve 5x + 3 = 18,not_complaint
Sure,not_complaint
Take care,not_complaint
Talk to you soon,not_complaint
Tell me a fun fact,not_complaint
Tell me a joke,not_complaint
Tell me a story,not_complaint
Tell me about law schools,not_complaint
Tell me about the solar system,not_complaint
Tell me about yourself,not_complaint
Tell me another joke,not_complaint
Tell me something interesting,not_complaint
Test,not_complaint
Test message,not_complaint
Testing,not_complaint
Testing 123,not_complaint
Thank you,not_complaint
Thank you so much,not_complaint
Thank you very much,not_complaint
Thanks,not_complaint
Thanks a lot,not_complaint
Thanks for your help,not_complaint
The library is quiet today,not_complaint
Today is a very sunny day,not_complaint
Translate hello to spanish,not_complaint
Understood,not_complaint
What,not_complaint
What are your capabilities,not_complaint
What are your features,not_complaint
What can you do,not_complaint
What does the supreme court do,not_complaint
What is 15 multiplied by 8,not_complaint
What is 2 + 2,not_complaint
What is a judge,not_complaint
What is a lawyer,not_complaint
What is a synonym for intelligent,not_complaint
What is dna,not_complaint
What is law,not_complaint
What is legal aid,not_complaint
What is python programming,not_complaint
What is the boiling point of water,not_complaint
What is the capital of france,not_complaint
What is the capital of india,not_complaint
What is the capital of japan,not_complaint
What is the constitution,not_complaint
What is the currency of the uk,not_complaint
What is the largest ocean,not_complaint
What is the speed of light,not_complaint
What is the square root of 144,not_complaint
What is the tallest mountain in the world,not_complaint
What is the weather like,not_complaint
What is your favorite food,not_complaint
What is your favorite movie,not_complaint
What is your name,not_complaint
What is your purpose,not_complaint
What's up,not_complaint
Where do you live,not_complaint
Who are you,not_complaint
Who created this system,not_complaint
Who discovered gravity,not_complaint
Who is the best football player,not_complaint
Who is the chief justice of india,not_complaint
Who is the prime minister of india,not_complaint
Who made you,not_complaint
Who wrote romeo and juliet,not_complaint
Why,not_complaint
Why is the sky blue,not_complaint
Write a short poem about nature,not_complaint
Yeah,not_complaint
Yep,not_complaint
Yes,not_complaint
Yo,not_complaint
alright,not_complaint
alright :),not_complaint
alright got it,not_complaint
alright got it :),not_complaint
alright got it please,not_complaint
alright got it!,not_complaint
alright got it.,not_complaint
alright got it?,not_complaint
alright please,not_complaint
alright!,not_complaint
alright.,not_complaint
alright?,not_complaint
anyone?,not_complaint
appreciate it,not_complaint
appreciate it :),not_complaint
appreciate it please,not_complaint
appreciate it!,not_complaint
appreciate it.,not_complaint
appreciate it?,not_complaint
are you a robot,not_complaint
are you a robot :),not_complaint
are you a robot please,not_complaint
are you a robot!,not_complaint
are you a robot.,not_complaint
are you a robot?,not_complaint
are you an ai,not_complaint
are you an ai :),not_complaint
are you an ai please,not_complaint
are you an ai!,not_complaint
are you an ai.,not_complaint
are you an ai?,not_complaint
are you human,not_complaint
are you human :),not_complaint
are you human please,not_complaint
are you human!,not_complaint
are you human.,not_complaint
are you human?,not_complaint
bye,not_complaint
bye :),not_complaint
bye please,not_complaint
bye!,not_complaint
bye.,not_complaint
bye?,not_complaint
can you help me with my math homework,not_complaint
can you help me with my math homework :),not_complaint
can you help me with my math homework please,not_complaint
can you help me with my math homework!,not_complaint
can you help me with my math homework.,not_complaint
can you help me with my math homework?,not_complaint
can you summarize this paragraph,not_complaint
can you summarize this paragraph :),not_complaint
can you summarize this paragraph please,not_complaint
can you summarize this paragraph!,not_complaint
can you summarize this paragraph.,not_complaint
can you summarize this paragraph?,not_complaint
can you talk to me,not_complaint
can you talk to me :),not_complaint
can you talk to me please,not_complaint
can you talk to me!,not_complaint
can you talk to me.,not_complaint
can you talk to me?,not_complaint
catch you later,not_complaint
catch you later :),not_complaint
catch you later please,not_complaint
catch you later!,not_complaint
catch you later.,not_complaint
catch you later?,not_complaint
cool,not_complaint
cool :),not_complaint
cool please,not_complaint
cool thanks,not_complaint
cool thanks :),not_complaint
cool thanks please,not_complaint
cool thanks!,not_complaint
cool thanks.,not_complaint
cool thanks?,not_complaint
cool!,not_complaint
cool.,not_complaint
cool?,not_complaint
correct the grammar in this sentence,not_complaint
correct the grammar in this sentence :),not_complaint
correct the grammar in this sentence please,not_complaint
correct the grammar in this sentence!,not_complaint
correct the grammar in this sentence.,not_complaint
correct the grammar in this sentence?,not_complaint
define jurisprudence,not_complaint
define jurisprudence :),not_complaint
define jurisprudence please,not_complaint
define jurisprudence!,not_complaint
define jurisprudence.,not_complaint
define jurisprudence?,not_complaint
do you have feelings,not_complaint
do you have feelings :),not_complaint
do you have feelings please,not_complaint
do you have feelings!,not_complaint
do you have feelings.,not_complaint
do you have feelings?,not_complaint
do you know any funny jokes,not_complaint
do you know any funny jokes :),not_complaint
do you know any funny jokes please,not_complaint
do you know any funny jokes!,not_complaint
do you know any funny jokes.,not_complaint
do you know any funny jokes?,not_complaint
do you know riddles,not_complaint
do you know riddles :),not_complaint
do you know riddles please,not_complaint
do you know riddles!,not_complaint
do you know riddles.,not_complaint
do you know riddles?,not_complaint
do you like music,not_complaint
do you like music :),not_complaint
do you like music please,not_complaint
do you like music!,not_complaint
do you like music.,not_complaint
do you like music?,not_complaint
evening,not_complaint
evening :),not_complaint
evening please,not_complaint
evening!,not_complaint
evening.,not_complaint
evening?,not_complaint
explain quantum physics,not_complaint
explain quantum physics :),not_complaint
explain quantum physics please,not_complaint
explain quantum physics!,not_complaint
explain quantum physics.,not_complaint
explain quantum physics?,not_complaint
explain theory of relativity,not_complaint
explain theory of relativity :),not_complaint
explain theory of relativity please,not_complaint
explain theory of relativity!,not_complaint
explain theory of relativity.,not_complaint
explain theory of relativity?,not_complaint
fine,not_complaint
fine :),not_complaint
fine please,not_complaint
fine!,not_complaint
fine.,not_complaint
fine?,not_complaint
give me a recipe for pasta,not_complaint
give me a recipe for pasta :),not_complaint
give me a recipe for pasta please,not_complaint
give me a recipe for pasta!,not_complaint
give me a recipe for pasta.,not_complaint
give me a recipe for pasta?,not_complaint
give me a riddle to solve,not_complaint
give me a riddle to solve :),not_complaint
give me a riddle to solve please,not_complaint
give me a riddle to solve!,not_complaint
give me a riddle to solve.,not_complaint
give me a riddle to solve?,not_complaint
give me some study tips,not_complaint
give me some study tips :),not_complaint
give me some study tips please,not_complaint
give me some study tips!,not_complaint
give me some study tips.,not_complaint
give me some study tips?,not_complaint
good afternoon,not_complaint
good afternoon :),not_complaint
good afternoon please,not_complaint
good afternoon!,not_complaint
good afternoon.,not_complaint
good afternoon?,not_complaint
good evening,not_complaint
good evening :),not_complaint
good evening please,not_complaint
good evening!,not_complaint
good evening.,not_complaint
good evening?,not_complaint
good morning,not_complaint
good morning :),not_complaint
good morning please,not_complaint
good morning!,not_complaint
good morning.,not_complaint
good morning?,not_complaint
good night,not_complaint
good night :),not_complaint
good night and bye,not_complaint
good night and bye :),not_complaint
good night and bye please,not_complaint
good night and bye!,not_complaint
good night and bye.,not_complaint
good night and bye?,not_complaint
good night please,not_complaint
good night!,not_complaint
good night.,not_complaint
good night?,not_complaint
goodbye,not_complaint
goodbye :),not_complaint
goodbye please,not_complaint
goodbye!,not_complaint
goodbye.,not_complaint
goodbye?,not_complaint
got it,not_complaint
got it :),not_complaint
got it please,not_complaint
got it!,not_complaint
got it.,not_complaint
got it?,not_complaint
great,not_complaint
great :),not_complaint
great please,not_complaint
great!,not_complaint
great.,not_complaint
great?,not_complaint
greetings,not_complaint
greetings :),not_complaint
greetings please,not_complaint
greetings!,not_complaint
greetings.,not_complaint
greetings?,not_complaint
have a great day,not_complaint
have a great day :),not_complaint
have a great day please,not_complaint
have a great day!,not_complaint
have a great day.,not_complaint
have a great day?,not_complaint
have a nice day,not_complaint
have a nice day :),not_complaint
have a nice day please,not_complaint
have a nice day!,not_complaint
have a nice day.,not_complaint
have a nice day?,not_complaint
hello,not_complaint
hello :),not_complaint
hello assistant,not_complaint
hello assistant :),not_complaint
hello assistant please,not_complaint
hello assistant!,not_complaint
hello assistant.,not_complaint
hello assistant?,not_complaint
hello bot,not_complaint
hello bot :),not_complaint
hello bot please,not_complaint
hello bot!,not_complaint
hello bot.,not_complaint
hello bot?,not_complaint
hello how are you,not_complaint
hello how are you :),not_complaint
hello how are you please,not_complaint
hello how are you!,not_complaint
hello how are you.,not_complaint
hello how are you?,not_complaint
hello please,not_complaint
hello there,not_complaint
hello there :),not_complaint
hello there bot,not_complaint
hello there bot :),not_complaint
hello there bot please,not_complaint
hello there bot!,not_complaint
hello there bot.,not_complaint
hello there bot?,not_complaint
hello there please,not_complaint
hello there!,not_complaint
hello there.,not_complaint
hello there?,not_complaint
hello!,not_complaint
hello.,not_complaint
hello?,not_complaint
help,not_complaint
help :),not_complaint
help please,not_complaint
help!,not_complaint
help.,not_complaint
help?,not_complaint
hey,not_complaint
hey :),not_complaint
hey judi,not_complaint
hey judi :),not_complaint
hey judi please,not_complaint
hey judi!,not_complaint
hey judi.,not_complaint
hey judi?,not_complaint
hey please,not_complaint
hey there,not_complaint
hey there :),not_complaint
hey there please,not_complaint
hey there!,not_complaint
hey there.,not_complaint
hey there?,not_complaint
hey!,not_complaint
hey.,not_complaint
hey?,not_complaint
hi,not_complaint
hi :),not_complaint
hi bot,not_complaint
hi bot :),not_complaint
hi bot please,not_complaint
hi bot!,not_complaint
hi bot.,not_complaint
hi bot?,not_complaint
hi judi,not_complaint
hi judi :),not_complaint
hi judi please,not_complaint
hi judi!,not_complaint
hi judi.,not_complaint
hi judi?,not_complaint
hi please,not_complaint
hi!,not_complaint
hi.,not_complaint
hi?,not_complaint
hmm,not_complaint
hmm :),not_complaint
hmm please,not_complaint
hmm!,not_complaint
hmm.,not_complaint
hmm?,not_complaint
how,not_complaint
how :),not_complaint
how are you,not_complaint
how are you :),not_complaint
how are you doing,not_complaint
how are you doing :),not_complaint
how are you doing please,not_complaint
how are you doing!,not_complaint
how are you doing.,not_complaint
how are you doing?,not_complaint
how are you please,not_complaint
how are you!,not_complaint
how are you.,not_complaint
how are you?,not_complaint
how do computers work,not_complaint
how do computers work :),not_complaint
how do computers work please,not_complaint
how do computers work!,not_complaint
how do computers work.,not_complaint
how do computers work?,not_complaint
how do you calculate the area of a circle,not_complaint
how do you calculate the area of a circle :),not_complaint
how do you calculate the area of a circle please,not_complaint
how do you calculate the area of a circle!,not_complaint
how do you calculate the area of a circle.,not_complaint
how do you calculate the area of a circle?,not_complaint
how do you work,not_complaint
how do you work :),not_complaint
how do you work please,not_complaint
how do you work!,not_complaint
how do you work.,not_complaint
how do you work?,not_complaint
how does photosynthesis work,not_complaint
how does photosynthesis work :),not_complaint
how does photosynthesis work please,not_complaint
how does photosynthesis work!,not_complaint
how does photosynthesis work.,not_complaint
how does photosynthesis work?,not_complaint
how does the judiciary system work,not_complaint
how does the judiciary system work :),not_complaint
how does the judiciary system work please,not_complaint
how does the judiciary system work!,not_complaint
how does the judiciary system work.,not_complaint
how does the judiciary system work?,not_complaint
how far is the moon,not_complaint
how far is the moon :),not_complaint
how far is the moon please,not_complaint
how far is the moon!,not_complaint
how far is the moon.,not_complaint
how far is the moon?,not_complaint
how is it going,not_complaint
how is it going :),not_complaint
how is it going please,not_complaint
how is it going!,not_complaint
how is it going.,not_complaint
how is it going?,not_complaint
how many articles are in the Indian constitution,not_complaint
how many articles are in the Indian constitution :),not_complaint
how many articles are in the Indian constitution please,not_complaint
how many articles are in the Indian constitution!,not_complaint
how many articles are in the Indian constitution.,not_complaint
how many articles are in the Indian constitution?,not_complaint
how many articles are in the indian constitution,not_complaint
how many continents are there,not_complaint
how many continents are there :),not_complaint
how many continents are there please,not_complaint
how many continents are there!,not_complaint
how many continents are there.,not_complaint
how many continents are there?,not_complaint
how many planets are in our solar system,not_complaint
how many planets are in our solar system :),not_complaint
how many planets are in our solar system please,not_complaint
how many planets are in our solar system!,not_complaint
how many planets are in our solar system.,not_complaint
how many planets are in our solar system?,not_complaint
how please,not_complaint
how to become an advocate in India,not_complaint
how to become an advocate in India :),not_complaint
how to become an advocate in India please,not_complaint
how to become an advocate in India!,not_complaint
how to become an advocate in India.,not_complaint
how to become an advocate in India?,not_complaint
how to become an advocate in india,not_complaint
how to prepare for exams,not_complaint
how to prepare for exams :),not_complaint
how to prepare for exams please,not_complaint
how to prepare for exams!,not_complaint
how to prepare for exams.,not_complaint
how to prepare for exams?,not_complaint
how to write a formal email,not_complaint
how to write a formal email :),not_complaint
how to write a formal email please,not_complaint
how to write a formal email!,not_complaint
how to write a formal email.,not_complaint
how to write a formal email?,not_complaint
how!,not_complaint
how's the weather today,not_complaint
how's the weather today :),not_complaint
how's the weather today please,not_complaint
how's the weather today!,not_complaint
how's the weather today.,not_complaint
how's the weather today?,not_complaint
how's your day,not_complaint
how's your day :),not_complaint
how's your day please,not_complaint
how's your day!,not_complaint
how's your day.,not_complaint
how's your day?,not_complaint
how.,not_complaint
how?,not_complaint
howdy,not_complaint
howdy :),not_complaint
howdy please,not_complaint
howdy!,not_complaint
howdy.,not_complaint
howdy?,not_complaint
i am doing my college assignment,not_complaint
i am excited for my vacation,not_complaint
i am feeling happy today,not_complaint
i am going to college today,not_complaint
i am learning how to drive,not_complaint
i am studying computer science,not_complaint
i appreciate your help,not_complaint
i appreciate your help :),not_complaint
i appreciate your help please,not_complaint
i appreciate your help!,not_complaint
i appreciate your help.,not_complaint
i appreciate your help?,not_complaint
i ate pizza for lunch,not_complaint
i bought a new laptop yesterday,not_complaint
i had a cup of coffee,not_complaint
i love playing basketball,not_complaint
i love watching movies on weekends,not_complaint
is anyone there,not_complaint
is anyone there :),not_complaint
is anyone there please,not_complaint
is anyone there!,not_complaint
is anyone there.,not_complaint
is anyone there?,not_complaint
k,not_complaint
k :),not_complaint
k please,not_complaint
k!,not_complaint
k.,not_complaint
k?,not_complaint
listening to music helps me relax,not_complaint
listening to music helps me relax :),not_complaint
listening to music helps me relax please,not_complaint
listening to music helps me relax!,not_complaint
listening to music helps me relax.,not_complaint
listening to music helps me relax?,not_complaint
make me laugh,not_complaint
make me laugh :),not_complaint
make me laugh please,not_complaint
make me laugh!,not_complaint
make me laugh.,not_complaint
make me laugh?,not_complaint
many thanks,not_complaint
many thanks :),not_complaint
many thanks please,not_complaint
many thanks!,not_complaint
many thanks.,not_complaint
many thanks?,not_complaint
morning,not_complaint
morning :),not_complaint
morning please,not_complaint
morning!,not_complaint
morning.,not_complaint
morning?,not_complaint
my exam is tomorrow morning,not_complaint
my exam is tomorrow morning :),not_complaint
my exam is tomorrow morning please,not_complaint
my exam is tomorrow morning!,not_complaint
my exam is tomorrow morning.,not_complaint
my exam is tomorrow morning?,not_complaint
nah,not_complaint
nah :),not_complaint
nah please,not_complaint
nah!,not_complaint
nah.,not_complaint
nah?,not_complaint
namaste,not_complaint
namaste :),not_complaint
namaste please,not_complaint
namaste!,not_complaint
namaste.,not_complaint
namaste?,not_complaint
no,not_complaint
no :),not_complaint
no please,not_complaint
no problem,not_complaint
no problem :),not_complaint
no problem please,not_complaint
no problem!,not_complaint
no problem.,not_complaint
no problem?,not_complaint
no!,not_complaint
no.,not_complaint
no?,not_complaint
nope,not_complaint
nope :),not_complaint
nope please,not_complaint
nope!,not_complaint
nope.,not_complaint
nope?,not_complaint
ok,not_complaint
ok :),not_complaint
ok please,not_complaint
ok thank you,not_complaint
ok thank you :),not_complaint
ok thank you please,not_complaint
ok thank you!,not_complaint
ok thank you.,not_complaint
ok thank you?,not_complaint
ok!,not_complaint
ok.,not_complaint
ok?,not_complaint
okay,not_complaint
okay :),not_complaint
okay please,not_complaint
okay thanks,not_complaint
okay thanks :),not_complaint
okay thanks please,not_complaint
okay thanks!,not_complaint
okay thanks.,not_complaint
okay thanks?,not_complaint
okay!,not_complaint
okay.,not_complaint
okay?,not_complaint
play a game with me,not_complaint
play a game with me :),not_complaint
play a game with me please,not_complaint
play a game with me!,not_complaint
play a game with me.,not_complaint
play a game with me?,not_complaint
please I am doing my college assignment,not_complaint
please I am excited for my vacation,not_complaint
please I am feeling happy today,not_complaint
please I am going to college today,not_complaint
please I am learning how to drive,not_complaint
please I am studying computer science,not_complaint
please I ate pizza for lunch,not_complaint
please I bought a new laptop yesterday,not_complaint
please I had a cup of coffee,not_complaint
please I love playing basketball,not_complaint
please I love watching movies on weekends,not_complaint
please alright,not_complaint
please alright got it,not_complaint
please appreciate it,not_complaint
please are you a robot,not_complaint
please are you an ai,not_complaint
please are you human,not_complaint
please bye,not_complaint
please can you help me with my math homework,not_complaint
please can you summarize this paragraph,not_complaint
please can you talk to me,not_complaint
please catch you later,not_complaint
please cool,not_complaint
please cool thanks,not_complaint
please correct the grammar in this sentence,not_complaint
please define jurisprudence,not_complaint
please do you have feelings,not_complaint
please do you know any funny jokes,not_complaint
please do you know riddles,not_complaint
please do you like music,not_complaint
please evening,not_complaint
please explain quantum physics,not_complaint
please explain theory of relativity,not_complaint
please fine,not_complaint
please give me a recipe for pasta,not_complaint
please give me a riddle to solve,not_complaint
please give me some study tips,not_complaint
please good afternoon,not_complaint
please good evening,not_complaint
please good morning,not_complaint
please good night,not_complaint
please good night and bye,not_complaint
please goodbye,not_complaint
please got it,not_complaint
please great,not_complaint
please greetings,not_complaint
please have a great day,not_complaint
please have a nice day,not_complaint
please hello,not_complaint
please hello assistant,not_complaint
please hello bot,not_complaint
please hello how are you,not_complaint
please hello there,not_complaint
please hello there bot,not_complaint
please help,not_complaint
please hey,not_complaint
please hey judi,not_complaint
please hey there,not_complaint
please hi,not_complaint
please hi bot,not_complaint
please hi judi,not_complaint
please hmm,not_complaint
please how,not_complaint
please how are you,not_complaint
please how are you doing,not_complaint
please how do computers work,not_complaint
please how do you calculate the area of a circle,not_complaint
please how do you work,not_complaint
please how does photosynthesis work,not_complaint
please how does the judiciary system work,not_complaint
please how far is the moon,not_complaint
please how is it going,not_complaint
please how many articles are in the Indian constitution,not_complaint
please how many continents are there,not_complaint
please how many planets are in our solar system,not_complaint
please how to become an advocate in India,not_complaint
please how to prepare for exams,not_complaint
please how to write a formal email,not_complaint
please how's the weather today,not_complaint
please how's your day,not_complaint
please howdy,not_complaint
please i appreciate your help,not_complaint
please is anyone there,not_complaint
please k,not_complaint
please listening to music helps me relax,not_complaint
please make me laugh,not_complaint
please many thanks,not_complaint
please morning,not_complaint
please my exam is tomorrow morning,not_complaint
please nah,not_complaint
please namaste,not_complaint
please no,not_complaint
please no problem,not_complaint
please nope,not_complaint
please ok,not_complaint
please ok thank you,not_complaint
please okay,not_complaint
please okay thanks,not_complaint
please play a game with me,not_complaint
please pls,not_complaint
please recommend a good book to read,not_complaint
please recommend some relaxing songs,not_complaint
please salutations,not_complaint
please see you,not_complaint
please see you later,not_complaint
please sing a song,not_complaint
please solve 5x + 3 = 18,not_complaint
please sure,not_complaint
please take care,not_complaint
please talk to you soon,not_complaint
please tell me a fun fact,not_complaint
please tell me a joke,not_complaint
please tell me a story,not_complaint
please tell me about law schools,not_complaint
please tell me about the solar system,not_complaint
please tell me about yourself,not_complaint
please tell me another joke,not_complaint
please tell me something interesting,not_complaint
please test,not_complaint
please test message,not_complaint
please testing,not_complaint
please testing 123,not_complaint
please thank you,not_complaint
please thank you so much,not_complaint
please thank you very much,not_complaint
please thanks,not_complaint
please thanks a lot,not_complaint
please thanks for your help,not_complaint
please the library is quiet today,not_complaint
please today is a very sunny day,not_complaint
please translate hello to Spanish,not_complaint
please understood,not_complaint
please what,not_complaint
please what are your capabilities,not_complaint
please what are your features,not_complaint
please what can you do,not_complaint
please what does the supreme court do,not_complaint
please what is 15 multiplied by 8,not_complaint
please what is 2 + 2,not_complaint
please what is DNA,not_complaint
please what is a judge,not_complaint
please what is a lawyer,not_complaint
please what is a synonym for intelligent,not_complaint
please what is law,not_complaint
please what is legal aid,not_complaint
please what is python programming,not_complaint
please what is the boiling point of water,not_complaint
please what is the capital of France,not_complaint
please what is the capital of India,not_complaint
please what is the capital of Japan,not_complaint
please what is the constitution,not_complaint
please what is the currency of the UK,not_complaint
please what is the largest ocean,not_complaint
please what is the speed of light,not_complaint
please what is the square root of 144,not_complaint
please what is the tallest mountain in the world,not_complaint
please what is the weather like,not_complaint
please what is your favorite food,not_complaint
please what is your favorite movie,not_complaint
please what is your name,not_complaint
please what is your purpose,not_complaint
please what's up,not_complaint
please where do you live,not_complaint
please who are you,not_complaint
please who created this system,not_complaint
please who discovered gravity,not_complaint
please who is the best football player,not_complaint
please who is the chief justice of India,not_complaint
please who is the prime minister of India,not_complaint
please who made you,not_complaint
please who wrote Romeo and Juliet,not_complaint
please why,not_complaint
please why is the sky blue,not_complaint
please write a short poem about nature,not_complaint
please yeah,not_complaint
please yep,not_complaint
please yes,not_complaint
please yo,not_complaint
pls,not_complaint
pls :),not_complaint
pls please,not_complaint
pls!,not_complaint
pls.,not_complaint
pls?,not_complaint
recommend a good book to read,not_complaint
recommend a good book to read :),not_complaint
recommend a good book to read please,not_complaint
recommend a good book to read!,not_complaint
recommend a good book to read.,not_complaint
recommend a good book to read?,not_complaint
recommend some relaxing songs,not_complaint
recommend some relaxing songs :),not_complaint
recommend some relaxing songs please,not_complaint
recommend some relaxing songs!,not_complaint
recommend some relaxing songs.,not_complaint
recommend some relaxing songs?,not_complaint
salutations,not_complaint
salutations :),not_complaint
salutations please,not_complaint
salutations!,not_complaint
salutations.,not_complaint
salutations?,not_complaint
see you,not_complaint
see you :),not_complaint
see you later,not_complaint
see you later :),not_complaint
see you later please,not_complaint
see you later!,not_complaint
see you later.,not_complaint
see you later?,not_complaint
see you please,not_complaint
see you!,not_complaint
see you.,not_complaint
see you?,not_complaint
sing a song,not_complaint
sing a song :),not_complaint
sing a song please,not_complaint
sing a song!,not_complaint
sing a song.,not_complaint
sing a song?,not_complaint
solve 5x + 3 = 18,not_complaint
solve 5x + 3 = 18 :),not_complaint
solve 5x + 3 = 18 please,not_complaint
solve 5x + 3 = 18!,not_complaint
solve 5x + 3 = 18.,not_complaint
solve 5x + 3 = 18?,not_complaint
sure,not_complaint
sure :),not_complaint
sure please,not_complaint
sure!,not_complaint
sure.,not_complaint
sure?,not_complaint
take care,not_complaint
take care :),not_complaint
take care please,not_complaint
take care!,not_complaint
take care.,not_complaint
take care?,not_complaint
talk to you soon,not_complaint
talk to you soon :),not_complaint
talk to you soon please,not_complaint
talk to you soon!,not_complaint
talk to you soon.,not_complaint
talk to you soon?,not_complaint
tell me a fun fact,not_complaint
tell me a fun fact :),not_complaint
tell me a fun fact please,not_complaint
tell me a fun fact!,not_complaint
tell me a fun fact.,not_complaint
tell me a fun fact?,not_complaint
tell me a joke,not_complaint
tell me a joke :),not_complaint
tell me a joke please,not_complaint
tell me a joke!,not_complaint
tell me a joke.,not_complaint
tell me a joke?,not_complaint
tell me a story,not_complaint
tell me a story :),not_complaint
tell me a story please,not_complaint
tell me a story!,not_complaint
tell me a story.,not_complaint
tell me a story?,not_complaint
tell me about law schools,not_complaint
tell me about law schools :),not_complaint
tell me about law schools please,not_complaint
tell me about law schools!,not_complaint
tell me about law schools.,not_complaint
tell me about law schools?,not_complaint
tell me about the solar system,not_complaint
tell me about the solar system :),not_complaint
tell me about the solar system please,not_complaint
tell me about the solar system!,not_complaint
tell me about the solar system.,not_complaint
tell me about the solar system?,not_complaint
tell me about yourself,not_complaint
tell me about yourself :),not_complaint
tell me about yourself please,not_complaint
tell me about yourself!,not_complaint
tell me about yourself.,not_complaint
tell me about yourself?,not_complaint
tell me another joke,not_complaint
tell me another joke :),not_complaint
tell me another joke please,not_complaint
tell me another joke!,not_complaint
tell me another joke.,not_complaint
tell me another joke?,not_complaint
tell me something interesting,not_complaint
tell me something interesting :),not_complaint
tell me something interesting please,not_complaint
tell me something interesting!,not_complaint
tell me something interesting.,not_complaint
tell me something interesting?,not_complaint
test,not_complaint
test :),not_complaint
test message,not_complaint
test message :),not_complaint
test message please,not_complaint
test message!,not_complaint
test message.,not_complaint
test message?,not_complaint
test please,not_complaint
test!,not_complaint
test.,not_complaint
test?,not_complaint
testing,not_complaint
testing 123,not_complaint
testing 123 :),not_complaint
testing 123 please,not_complaint
testing 123!,not_complaint
testing 123.,not_complaint
testing 123?,not_complaint
testing :),not_complaint
testing please,not_complaint
testing!,not_complaint
testing.,not_complaint
testing?,not_complaint
thank you,not_complaint
thank you :),not_complaint
thank you please,not_complaint
thank you so much,not_complaint
thank you so much :),not_complaint
thank you so much please,not_complaint
thank you so much!,not_complaint
thank you so much.,not_complaint
thank you so much?,not_complaint
thank you very much,not_complaint
thank you very much :),not_complaint
thank you very much please,not_complaint
thank you very much!,not_complaint
thank you very much.,not_complaint
thank you very much?,not_complaint
thank you!,not_complaint
thank you.,not_complaint
thank you?,not_complaint
thanks,not_complaint
thanks :),not_complaint
thanks a lot,not_complaint
thanks a lot :),not_complaint
thanks a lot please,not_complaint
thanks a lot!,not_complaint
thanks a lot.,not_complaint
thanks a lot?,not_complaint
thanks for your help,not_complaint
thanks for your help :),not_complaint
thanks for your help please,not_complaint
thanks for your help!,not_complaint
thanks for your help.,not_complaint
thanks for your help?,not_complaint
thanks please,not_complaint
thanks!,not_complaint
thanks.,not_complaint
thanks?,not_complaint
the library is quiet today,not_complaint
the library is quiet today :),not_complaint
the library is quiet today please,not_complaint
the library is quiet today!,not_complaint
the library is quiet today.,not_complaint
the library is quiet today?,not_complaint
today is a very sunny day,not_complaint
today is a very sunny day :),not_complaint
today is a very sunny day please,not_complaint
today is a very sunny day!,not_complaint
today is a very sunny day.,not_complaint
today is a very sunny day?,not_complaint
translate hello to Spanish,not_complaint
translate hello to Spanish :),not_complaint
translate hello to Spanish please,not_complaint
translate hello to Spanish!,not_complaint
translate hello to Spanish.,not_complaint
translate hello to Spanish?,not_complaint
translate hello to spanish,not_complaint
understood,not_complaint
understood :),not_complaint
understood please,not_complaint
understood!,not_complaint
understood.,not_complaint
understood?,not_complaint
what,not_complaint
what :),not_complaint
what are your capabilities,not_complaint
what are your capabilities :),not_complaint
what are your capabilities please,not_complaint
what are your capabilities!,not_complaint
what are your capabilities.,not_complaint
what are your capabilities?,not_complaint
what are your features,not_complaint
what are your features :),not_complaint
what are your features please,not_complaint
what are your features!,not_complaint
what are your features.,not_complaint
what are your features?,not_complaint
what can you do,not_complaint
what can you do :),not_complaint
what can you do please,not_complaint
what can you do!,not_complaint
what can you do.,not_complaint
what can you do?,not_complaint
what does the supreme court do,not_complaint
what does the supreme court do :),not_complaint
what does the supreme court do please,not_complaint
what does the supreme court do!,not_complaint
what does the supreme court do.,not_complaint
what does the supreme court do?,not_complaint
what is 15 multiplied by 8,not_complaint
what is 15 multiplied by 8 :),not_complaint
what is 15 multiplied by 8 please,not_complaint
what is 15 multiplied by 8!,not_complaint
what is 15 multiplied by 8.,not_complaint
what is 15 multiplied by 8?,not_complaint
what is 2 + 2,not_complaint
what is 2 + 2 :),not_complaint
what is 2 + 2 please,not_complaint
what is 2 + 2!,not_complaint
what is 2 + 2.,not_complaint
what is 2 + 2?,not_complaint
what is DNA,not_complaint
what is DNA :),not_complaint
what is DNA please,not_complaint
what is DNA!,not_complaint
what is DNA.,not_complaint
what is DNA?,not_complaint
what is a judge,not_complaint
what is a judge :),not_complaint
what is a judge please,not_complaint
what is a judge!,not_complaint
what is a judge.,not_complaint
what is a judge?,not_complaint
what is a lawyer,not_complaint
what is a lawyer :),not_complaint
what is a lawyer please,not_complaint
what is a lawyer!,not_complaint
what is a lawyer.,not_complaint
what is a lawyer?,not_complaint
what is a synonym for intelligent,not_complaint
what is a synonym for intelligent :),not_complaint
what is a synonym for intelligent please,not_complaint
what is a synonym for intelligent!,not_complaint
what is a synonym for intelligent.,not_complaint
what is a synonym for intelligent?,not_complaint
what is dna,not_complaint
what is law,not_complaint
what is law :),not_complaint
what is law please,not_complaint
what is law!,not_complaint
what is law.,not_complaint
what is law?,not_complaint
what is legal aid,not_complaint
what is legal aid :),not_complaint
what is legal aid please,not_complaint
what is legal aid!,not_complaint
what is legal aid.,not_complaint
what is legal aid?,not_complaint
what is python programming,not_complaint
what is python programming :),not_complaint
what is python programming please,not_complaint
what is python programming!,not_complaint
what is python programming.,not_complaint
what is python programming?,not_complaint
what is the boiling point of water,not_complaint
what is the boiling point of water :),not_complaint
what is the boiling point of water please,not_complaint
what is the boiling point of water!,not_complaint
what is the boiling point of water.,not_complaint
what is the boiling point of water?,not_complaint
what is the capital of France,not_complaint
what is the capital of France :),not_complaint
what is the capital of France please,not_complaint
what is the capital of France!,not_complaint
what is the capital of France.,not_complaint
what is the capital of France?,not_complaint
what is the capital of India,not_complaint
what is the capital of India :),not_complaint
what is the capital of India please,not_complaint
what is the capital of India!,not_complaint
what is the capital of India.,not_complaint
what is the capital of India?,not_complaint
what is the capital of Japan,not_complaint
what is the capital of Japan :),not_complaint
what is the capital of Japan please,not_complaint
what is the capital of Japan!,not_complaint
what is the capital of Japan.,not_complaint
what is the capital of Japan?,not_complaint
what is the capital of france,not_complaint
what is the capital of india,not_complaint
what is the capital of japan,not_complaint
what is the constitution,not_complaint
what is the constitution :),not_complaint
what is the constitution please,not_complaint
what is the constitution!,not_complaint
what is the constitution.,not_complaint
what is the constitution?,not_complaint
what is the currency of the UK,not_complaint
what is the currency of the UK :),not_complaint
what is the currency of the UK please,not_complaint
what is the currency of the UK!,not_complaint
what is the currency of the UK.,not_complaint
what is the currency of the UK?,not_complaint
what is the currency of the uk,not_complaint
what is the largest ocean,not_complaint
what is the largest ocean :),not_complaint
what is the largest ocean please,not_complaint
what is the largest ocean!,not_complaint
what is the largest ocean.,not_complaint
what is the largest ocean?,not_complaint
what is the speed of light,not_complaint
what is the speed of light :),not_complaint
what is the speed of light please,not_complaint
what is the speed of light!,not_complaint
what is the speed of light.,not_complaint
what is the speed of light?,not_complaint
what is the square root of 144,not_complaint
what is the square root of 144 :),not_complaint
what is the square root of 144 please,not_complaint
what is the square root of 144!,not_complaint
what is the square root of 144.,not_complaint
what is the square root of 144?,not_complaint
what is the tallest mountain in the world,not_complaint
what is the tallest mountain in the world :),not_complaint
what is the tallest mountain in the world please,not_complaint
what is the tallest mountain in the world!,not_complaint
what is the tallest mountain in the world.,not_complaint
what is the tallest mountain in the world?,not_complaint
what is the weather like,not_complaint
what is the weather like :),not_complaint
what is the weather like please,not_complaint
what is the weather like!,not_complaint
what is the weather like.,not_complaint
what is the weather like?,not_complaint
what is your favorite food,not_complaint
what is your favorite food :),not_complaint
what is your favorite food please,not_complaint
what is your favorite food!,not_complaint
what is your favorite food.,not_complaint
what is your favorite food?,not_complaint
what is your favorite movie,not_complaint
what is your favorite movie :),not_complaint
what is your favorite movie please,not_complaint
what is your favorite movie!,not_complaint
what is your favorite movie.,not_complaint
what is your favorite movie?,not_complaint
what is your name,not_complaint
what is your name :),not_complaint
what is your name please,not_complaint
what is your name!,not_complaint
what is your name.,not_complaint
what is your name?,not_complaint
what is your purpose,not_complaint
what is your purpose :),not_complaint
what is your purpose please,not_complaint
what is your purpose!,not_complaint
what is your purpose.,not_complaint
what is your purpose?,not_complaint
what please,not_complaint
what!,not_complaint
what's up,not_complaint
what's up :),not_complaint
what's up please,not_complaint
what's up!,not_complaint
what's up.,not_complaint
what's up?,not_complaint
what.,not_complaint
what?,not_complaint
where do you live,not_complaint
where do you live :),not_complaint
where do you live please,not_complaint
where do you live!,not_complaint
where do you live.,not_complaint
where do you live?,not_complaint
who are you,not_complaint
who are you :),not_complaint
who are you please,not_complaint
who are you!,not_complaint
who are you.,not_complaint
who are you?,not_complaint
who created this system,not_complaint
who created this system :),not_complaint
who created this system please,not_complaint
who created this system!,not_complaint
who created this system.,not_complaint
who created this system?,not_complaint
who discovered gravity,not_complaint
who discovered gravity :),not_complaint
who discovered gravity please,not_complaint
who discovered gravity!,not_complaint
who discovered gravity.,not_complaint
who discovered gravity?,not_complaint
who is the best football player,not_complaint
who is the best football player :),not_complaint
who is the best football player please,not_complaint
who is the best football player!,not_complaint
who is the best football player.,not_complaint
who is the best football player?,not_complaint
who is the chief justice of India,not_complaint
who is the chief justice of India :),not_complaint
who is the chief justice of India please,not_complaint
who is the chief justice of India!,not_complaint
who is the chief justice of India.,not_complaint
who is the chief justice of India?,not_complaint
who is the chief justice of india,not_complaint
who is the prime minister of India,not_complaint
who is the prime minister of India :),not_complaint
who is the prime minister of India please,not_complaint
who is the prime minister of India!,not_complaint
who is the prime minister of India.,not_complaint
who is the prime minister of India?,not_complaint
who is the prime minister of india,not_complaint
who made you,not_complaint
who made you :),not_complaint
who made you please,not_complaint
who made you!,not_complaint
who made you.,not_complaint
who made you?,not_complaint
who wrote Romeo and Juliet,not_complaint
who wrote Romeo and Juliet :),not_complaint
who wrote Romeo and Juliet please,not_complaint
who wrote Romeo and Juliet!,not_complaint
who wrote Romeo and Juliet.,not_complaint
who wrote Romeo and Juliet?,not_complaint
who wrote romeo and juliet,not_complaint
why,not_complaint
why :),not_complaint
why is the sky blue,not_complaint
why is the sky blue :),not_complaint
why is the sky blue please,not_complaint
why is the sky blue!,not_complaint
why is the sky blue.,not_complaint
why is the sky blue?,not_complaint
why please,not_complaint
why!,not_complaint
why.,not_complaint
why?,not_complaint
write a short poem about nature,not_complaint
write a short poem about nature :),not_complaint
write a short poem about nature please,not_complaint
write a short poem about nature!,not_complaint
write a short poem about nature.,not_complaint
write a short poem about nature?,not_complaint
yeah,not_complaint
yeah :),not_complaint
yeah please,not_complaint
yeah!,not_complaint
yeah.,not_complaint
yeah?,not_complaint
yep,not_complaint
yep :),not_complaint
yep please,not_complaint
yep!,not_complaint
yep.,not_complaint
yep?,not_complaint
yes,not_complaint
yes :),not_complaint
yes please,not_complaint
yes!,not_complaint
yes.,not_complaint
yes?,not_complaint
yo,not_complaint
yo :),not_complaint
yo please,not_complaint
yo!,not_complaint
yo.,not_complaint
yo?,not_complaint
