text,label
My college is illegally holding my original certificates,administrative_violation
I am forced to sign an illegal bond against my will,administrative_violation
The college will not give me my TC even after graduation,administrative_violation
They are forcing me to sign an undertaking to stay quiet,administrative_violation
The college is illegally blocking my migration certificate,administrative_violation
I am forced to pay extra fees for my documents,administrative_violation
The college will not release my degree certificate,administrative_violation
They are threatening me with certificate blocking,administrative_violation
The college is violating my right to education,administrative_violation
I cannot transfer because they will not issue my TC,administrative_violation
The college forced me to sign illegal terms,administrative_violation
They are making illegal financial demands,administrative_violation
The administration is violating my document rights,administrative_violation
I am blocked from leaving because of illegal bonds,administrative_violation
The college is illegally holding my academic records,administrative_violation
They are forcing impossible conditions for my certificate,administrative_violation
The college is unlawfully restricting my freedom,administrative_violation
I cannot pursue higher education due to illegal blockade,administrative_violation
The administration is making extortion-like demands,administrative_violation
They are violating my constitutional right to freedom,administrative_violation
My college is illegally holding my original certificates,administrative_violation
My college is illegally holding my original certificates (This is happening to me regularly),administrative_violation
I am forced to sign an illegal bond against my will,administrative_violation
I am forced to sign an illegal bond against my will (This is happening to me regularly),administrative_violation
The college will not give me my TC even after graduation,administrative_violation
The college will not give me my TC even after graduation (This is happening to me regularly),administrative_violation
They are forcing me to sign an undertaking to stay quiet,administrative_violation
They are forcing me to sign an undertaking to stay quiet (This is happening to me regularly),administrative_violation
The college is illegally blocking my migration certificate,administrative_violation
The college is illegally blocking my migration certificate (This is happening to me regularly),administrative_violation
I am forced to pay extra fees for my documents,administrative_violation
I am forced to pay extra fees for my documents (This is happening to me regularly),administrative_violation
The college will not release my degree certificate,administrative_violation
The college will not release my degree certificate (This is happening to me regularly),administrative_violation
They are threatening me with certificate blocking,administrative_violation
They are threatening me with certificate blocking (This is happening to me regularly),administrative_violation
The college is violating my right to education,administrative_violation
The college is violating my right to education (This is happening to me regularly),administrative_violation
I cannot transfer because they will not issue my TC,administrative_violation
I cannot transfer because they will not issue my TC (This is happening to me regularly),administrative_violation
The college forced me to sign illegal terms,administrative_violation
The college forced me to sign illegal terms (This is happening to me regularly),administrative_violation
They are making illegal financial demands,administrative_violation
They are making illegal financial demands (This is happening to me regularly),administrative_violation
The administration is violating my document rights,administrative_violation
The administration is violating my document rights (This is happening to me regularly),administrative_violation
I am blocked from leaving because of illegal bonds,administrative_violation
I am blocked from leaving because of illegal bonds (This is happening to me regularly),administrative_violation
The college is illegally holding my academic records,administrative_violation
The college is illegally holding my academic records (This is happening to me regularly),administrative_violation
They are forcing impossible conditions for my certificate,administrative_violation
They are forcing impossible conditions for my certificate (This is happening to me regularly),administrative_violation
The college is unlawfully restricting my freedom,administrative_violation
The college is unlawfully restricting my freedom (This is happening to me regularly),administrative_violation
I cannot pursue higher education due to illegal blockade,administrative_violation
I cannot pursue higher education due to illegal blockade (This is happening to me regularly),administrative_violation
The administration is making extortion-like demands,administrative_violation
The administration is making extortion-like demands (This is happening to me regularly),administrative_violation
They are violating my constitutional right to freedom,administrative_violation
They are violating my constitutional right to freedom (This is happening to me regularly),administrative_violation
College violated my rights,administrative_violation
Administrative procedures are unfair,administrative_violation
I faced unfair administrative action,administrative_violation
Administrative negligence occurred,administrative_violation
I was unfairly suspended,administrative_violation
Administrative staff discriminated against me,administrative_violation
Incorrect administrative action was taken,administrative_violation
I was denied my administrative rights,administrative_violation
The college refuses to return my original 10th and 12th marksheets after I dropped out,administrative_violation
The university is withholding my degree certificate because I protested fee hikes,administrative_violation
They are demanding a heavy penalty to issue my transfer certificate,administrative_violation
The administration cancelled my hall ticket right before exams without explanation,administrative_violation
The college refused to process my scholarship funds and kept the money,administrative_violation
Management is forcing students to pay an unapproved building development fee,administrative_violation
The university refused to grant me admission despite clearing the merit list,administrative_violation
The principal confiscated my laptop and documents without any disciplinary hearing,administrative_violation
The administration refused to give me my migration certificate for higher studies,administrative_violation
The college changed grading criteria retroactively after exams were completed,administrative_violation
They are forcing us to sign an illegal arbitration agreement waiving our legal rights,administrative_violation
Management suspended me without issuing a show-cause notice or fair hearing,administrative_violation
The institute refuses to refund my security caution deposit even after clearance,administrative_violation
They blocked my semester exam registration because of non-academic disputes,administrative_violation
The college is functioning without mandatory statutory affiliation and cheated us,administrative_violation
Someone demands money or they will expose my secrets,blackmail_extortion
A person threatens to hurt me if I do not pay,blackmail_extortion
I am being blackmailed with intimate photos,blackmail_extortion
Someone demands money threatening to tell my family,blackmail_extortion
A person extorts money with threats of violence,blackmail_extortion
Someone blackmails me with academic information,blackmail_extortion
I am forced to pay money to stop harassment,blackmail_extortion
A person demands money with threats of exposure,blackmail_extortion
Someone extorts money threatening legal complaints,blackmail_extortion
I am being blackmailed with false accusations,blackmail_extortion
A person demands money or they will harm my family,blackmail_extortion
Someone blackmails me with my past mistakes,blackmail_extortion
I am forced to pay to avoid physical harm,blackmail_extortion
A person demands money threatening my career,blackmail_extortion
Someone extorts money with threats to my reputation,blackmail_extortion
I am blackmailed with workplace information,blackmail_extortion
A person demands money threatening social exposure,blackmail_extortion
Someone extorts money threatening to contact police,blackmail_extortion
I am forced to pay to avoid false accusations,blackmail_extortion
A person blackmails me with recorded conversations,blackmail_extortion
Someone demands money or they will expose my secrets,blackmail_extortion
Someone demands money or they will expose my secrets (This is happening to me regularly),blackmail_extortion
A person threatens to hurt me if I do not pay,blackmail_extortion
A person threatens to hurt me if I do not pay (This is happening to me regularly),blackmail_extortion
I am being blackmailed with intimate photos,blackmail_extortion
I am being blackmailed with intimate photos (This is happening to me regularly),blackmail_extortion
Someone demands money threatening to tell my family,blackmail_extortion
Someone demands money threatening to tell my family (This is happening to me regularly),blackmail_extortion
A person extorts money with threats of violence,blackmail_extortion
A person extorts money with threats of violence (This is happening to me regularly),blackmail_extortion
Someone blackmails me with academic information,blackmail_extortion
Someone blackmails me with academic information (This is happening to me regularly),blackmail_extortion
I am forced to pay money to stop harassment,blackmail_extortion
I am forced to pay money to stop harassment (This is happening to me regularly),blackmail_extortion
A person demands money with threats of exposure,blackmail_extortion
A person demands money with threats of exposure (This is happening to me regularly),blackmail_extortion
Someone extorts money threatening legal complaints,blackmail_extortion
Someone extorts money threatening legal complaints (This is happening to me regularly),blackmail_extortion
I am being blackmailed with false accusations,blackmail_extortion
I am being blackmailed with false accusations (This is happening to me regularly),blackmail_extortion
A person demands money or they will harm my family,blackmail_extortion
A person demands money or they will harm my family (This is happening to me regularly),blackmail_extortion
Someone blackmails me with my past mistakes,blackmail_extortion
Someone blackmails me with my past mistakes (This is happening to me regularly),blackmail_extortion
I am forced to pay to avoid physical harm,blackmail_extortion
I am forced to pay to avoid physical harm (This is happening to me regularly),blackmail_extortion
A person demands money threatening my career,blackmail_extortion
A person demands money threatening my career (This is happening to me regularly),blackmail_extortion
Someone extorts money with threats to my reputation,blackmail_extortion
Someone extorts money with threats to my reputation (This is happening to me regularly),blackmail_extortion
I am blackmailed with workplace information,blackmail_extortion
I am blackmailed with workplace information (This is happening to me regularly),blackmail_extortion
A person demands money threatening social exposure,blackmail_extortion
A person demands money threatening social exposure (This is happening to me regularly),blackmail_extortion
Someone extorts money threatening to contact police,blackmail_extortion
Someone extorts money threatening to contact police (This is happening to me regularly),blackmail_extortion
I am forced to pay to avoid false accusations,blackmail_extortion
I am forced to pay to avoid false accusations (This is happening to me regularly),blackmail_extortion
A person blackmails me with recorded conversations,blackmail_extortion
A person blackmails me with recorded conversations (This is happening to me regularly),blackmail_extortion
My uncle is blackmailing me,blackmail_extortion
Someone is extorting money from me,blackmail_extortion
I'm being blackmailed with intimate photos,blackmail_extortion
Someone is blackmailing me,blackmail_extortion
I am being extorted for money,blackmail_extortion
Someone blackmails me with intimate photos,blackmail_extortion
Someone is demanding money and threatening me,blackmail_extortion
I am blackmailed and threatened,blackmail_extortion
Someone extorts money from me threateningly,blackmail_extortion
I am blackmailed with evidence of something,blackmail_extortion
Someone blackmails me to keep secrets,blackmail_extortion
I am being blackmailed and cannot go to police,blackmail_extortion
Someone threatens to share private photos if I don't pay,blackmail_extortion
someone is blackmailing me with photos,blackmail_extortion
I'm being blackmailed with photos,blackmail_extortion
someone blackmails me with pictures,blackmail_extortion
they are blackmailing me with images,blackmail_extortion
someone threatens to share photos unless I pay,blackmail_extortion
I'm forced to pay or they'll share my photos,blackmail_extortion
someone is extorting money from me with photos,blackmail_extortion
Someone used AI to make naked pictures of me and is demanding 50000 rupees,blackmail_extortion
A loan app is calling my entire contact list threatening to release morphed photos,blackmail_extortion
A person hacked my webcam and says they will send video to my family unless I pay,blackmail_extortion
They are demanding Bitcoin or they will leak my private personal diary and photos,blackmail_extortion
Someone is threatening to destroy my business reputation unless I pay protection money,blackmail_extortion
A stranger recorded our private video call and is now blackmailing me for money,blackmail_extortion
They threatened to send compromising pictures to my employer if I don't give them cash,blackmail_extortion
Someone got hold of my medical records and is extorting money to keep them secret,blackmail_extortion
An ex-partner is demanding money and threatening to share private intimacy videos,blackmail_extortion
Someone is threatening to frame me in a false police case unless I transfer money,blackmail_extortion
They threatened to ruin my marriage with fake leaked chats unless I pay them,blackmail_extortion
Online blackmailers are demanding gift cards and threatening to leak my personal data,blackmail_extortion
My professor said Dalits are naturally inferior,caste_discrimination
A senior called me an untouchable as abuse,caste_discrimination
They do not let me sit with them because of my caste,caste_discrimination
I was denied admission because of my caste,caste_discrimination
A teacher made casteist jokes about my surname,caste_discrimination
Someone said I do not deserve to be in this college,caste_discrimination
A hostel roommate refused to touch things I used,caste_discrimination
My classmates avoid me because I am from a lower caste,caste_discrimination
A senior said people of my caste are servants,caste_discrimination
I was excluded from a group because of my caste,caste_discrimination
Someone called me by a casteist slur repeatedly,caste_discrimination
A professor gave me lower marks because of my caste,caste_discrimination
My colleagues refuse to eat with me due to caste,caste_discrimination
A person said my family is impure because of caste,caste_discrimination
Someone made degrading comments about my caste,caste_discrimination
I was told not to touch the water can because of my caste,caste_discrimination
A person said I am too dirty because of my caste,caste_discrimination
My roommate refuses to share utensils with me,caste_discrimination
A senior excluded me from activities due to my caste,caste_discrimination
Someone said casteist remarks about my occupation,caste_discrimination
My professor said Dalits are naturally inferior,caste_discrimination
My professor said Dalits are naturally inferior (This is happening to me regularly),caste_discrimination
A senior called me an untouchable as abuse,caste_discrimination
A senior called me an untouchable as abuse (This is happening to me regularly),caste_discrimination
They do not let me sit with them because of my caste,caste_discrimination
They do not let me sit with them because of my caste (This is happening to me regularly),caste_discrimination
I was denied admission because of my caste,caste_discrimination
I was denied admission because of my caste (This is happening to me regularly),caste_discrimination
A teacher made casteist jokes about my surname,caste_discrimination
A teacher made casteist jokes about my surname (This is happening to me regularly),caste_discrimination
Someone said I do not deserve to be in this college,caste_discrimination
Someone said I do not deserve to be in this college (This is happening to me regularly),caste_discrimination
A hostel roommate refused to touch things I used,caste_discrimination
A hostel roommate refused to touch things I used (This is happening to me regularly),caste_discrimination
My classmates avoid me because I am from a lower caste,caste_discrimination
My classmates avoid me because I am from a lower caste (This is happening to me regularly),caste_discrimination
A senior said people of my caste are servants,caste_discrimination
A senior said people of my caste are servants (This is happening to me regularly),caste_discrimination
I was excluded from a group because of my caste,caste_discrimination
I was excluded from a group because of my caste (This is happening to me regularly),caste_discrimination
Someone called me by a casteist slur repeatedly,caste_discrimination
Someone called me by a casteist slur repeatedly (This is happening to me regularly),caste_discrimination
A professor gave me lower marks because of my caste,caste_discrimination
A professor gave me lower marks because of my caste (This is happening to me regularly),caste_discrimination
My colleagues refuse to eat with me due to caste,caste_discrimination
My colleagues refuse to eat with me due to caste (This is happening to me regularly),caste_discrimination
A person said my family is impure because of caste,caste_discrimination
A person said my family is impure because of caste (This is happening to me regularly),caste_discrimination
Someone made degrading comments about my caste,caste_discrimination
Someone made degrading comments about my caste (This is happening to me regularly),caste_discrimination
I was told not to touch the water can because of my caste,caste_discrimination
I was told not to touch the water can because of my caste (This is happening to me regularly),caste_discrimination
A person said I am too dirty because of my caste,caste_discrimination
A person said I am too dirty because of my caste (This is happening to me regularly),caste_discrimination
My roommate refuses to share utensils with me,caste_discrimination
My roommate refuses to share utensils with me (This is happening to me regularly),caste_discrimination
A senior excluded me from activities due to my caste,caste_discrimination
A senior excluded me from activities due to my caste (This is happening to me regularly),caste_discrimination
Someone said casteist remarks about my occupation,caste_discrimination
Someone said casteist remarks about my occupation (This is happening to me regularly),caste_discrimination
I face discrimination because of my caste,caste_discrimination
People treat me differently due to my caste,caste_discrimination
I am discriminated against based on my caste,caste_discrimination
My caste determines how people treat me,caste_discrimination
I face casteist remarks and behavior,caste_discrimination
My classmates exclude me because of my caste,caste_discrimination
I am denied opportunities due to my caste,caste_discrimination
Someone made casteist comments to me,caste_discrimination
I face social discrimination for my caste,caste_discrimination
My caste background causes discrimination,caste_discrimination
People use my caste against me,caste_discrimination
I am isolated because of my caste,caste_discrimination
The hostel mess staff serves food separately to Dalit and backward class students,caste_discrimination
A professor asked for my caste category during my viva and gave me failing marks,caste_discrimination
My lab partner refused to work with me once they found out my surname,caste_discrimination
Seniors made derogatory comments about affirmative action and reservation students,caste_discrimination
I was denied a rental flat near campus as soon as the landlord asked my caste,caste_discrimination
Classmates formed a separate WhatsApp group specifically excluding SC/ST students,caste_discrimination
A faculty member made insulting remarks about lower caste students taking undeserved seats,caste_discrimination
They washed the bench after I sat on it because of caste prejudice,caste_discrimination
I was told that people from my community are not meant for research or academics,caste_discrimination
My supervisor refused to guide my thesis due to caste bias,caste_discrimination
Someone painted abusive caste slurs on my hostel room door,caste_discrimination
They constantly taunt me by calling me a quota student in front of everyone,caste_discrimination
he bullied me,cyber_bullying
she bullied me,cyber_bullying
they bullied me,cyber_bullying
someone bullied me,cyber_bullying
he is bullying me,cyber_bullying
she is bullying me,cyber_bullying
someone is bullying me,cyber_bullying
they are bullying me,cyber_bullying
I am being bullied,cyber_bullying
I was bullied,cyber_bullying
people keep bullying me,cyber_bullying
a person bullied me,cyber_bullying
my peer is bullying me,cyber_bullying
Someone keeps sending me insulting messages online,cyber_bullying
People created a group to mock me on social media,cyber_bullying
My classmates spread rumours about me on WhatsApp,cyber_bullying
Someone posted an embarrassing photo of me online,cyber_bullying
They keep tagging me in humiliating posts,cyber_bullying
A peer keeps sending threatening DMs,cyber_bullying
My pictures were edited to shame me online,cyber_bullying
Students made a fake account to bully me,cyber_bullying
They shared my private messages publicly,cyber_bullying
People keep creating hateful comments about me,cyber_bullying
My friends keep excluding me from online groups,cyber_bullying
Someone posted a video to humiliate me at school,cyber_bullying
They encourage others to insult me in the comments,cyber_bullying
I keep receiving abusive memes about me,cyber_bullying
A group keeps mass-tagging me to shame me,cyber_bullying
Strangers on social media are insulting me repeatedly,cyber_bullying
Someone is spreading lies about me on social platforms,cyber_bullying
Multiple people keep making fun of me online,cyber_bullying
I was publicly humiliated in a viral post,cyber_bullying
My classmates created a group to bully me on WhatsApp,cyber_bullying
Someone is constantly cyberbullying me on Instagram,cyber_bullying
My peers send me mean messages every day,cyber_bullying
They posted embarrassing photos of me without permission,cyber_bullying
Multiple students gang up to insult me online,cyber_bullying
Someone made a fake profile to impersonate me and harass others,cyber_bullying
They edited my photos to make fun of me,cyber_bullying
My private conversation was screenshotted and shared publicly,cyber_bullying
A group keeps commenting mean things on all my posts,cyber_bullying
They create memes mocking me and tag me in them,cyber_bullying
Someone keeps asking others to unfollow and block me,cyber_bullying
My classmates spread false rumors about me on social media,cyber_bullying
They keep tagging me in posts to humiliate me publicly,cyber_bullying
I'm being bullied in group chats and called names,cyber_bullying
Someone hacked my account and posted inappropriate content,cyber_bullying
They recorded a video of me and uploaded it to mock me,cyber_bullying
My peers constantly tease me with mean comments online,cyber_bullying
People are sharing my secrets that I told them privately,cyber_bullying
They encourage others to bully me in the comments section,cyber_bullying
A senior keeps sending me degrading messages online,cyber_bullying
My classmates exclude me from all online group chats,cyber_bullying
Someone created a hate page dedicated to making fun of me,cyber_bullying
They put me in a chat group just to bully me,cyber_bullying
My photos are being used without consent to create mean content,cyber_bullying
People spread false accusations about me on social media,cyber_bullying
They send me abusive emojis and messages repeatedly,cyber_bullying
Someone is harassing me constantly on social media platforms,cyber_bullying
People spread hateful messages about me on online groups,cyber_bullying
They created multiple fake accounts to bully me online,cyber_bullying
A group of strangers are cyberbullying me continuously on messaging apps,cyber_bullying
Someone hacked my online account and is impersonating me,cyber_bullying
They posted intimate photos of me without consent online,cyber_bullying
My videos were shared on social media to humiliate me,cyber_bullying
Someone screenshot my private conversation and posted it publicly,cyber_bullying
They edited my photos and put them on the internet to mock me,cyber_bullying
A video of me was uploaded online to shame me in front of everyone,cyber_bullying
I'm receiving abusive messages on social platforms every hour,cyber_bullying
Someone is threatening me through online chat platforms,cyber_bullying
A group chat was created specifically to target and bully me online,cyber_bullying
They send me vulgar and threatening messages on messaging apps,cyber_bullying
People are mass-following and commenting mean things on all my online posts,cyber_bullying
Someone is tracking my online activities and monitoring my posts,cyber_bullying
They follow all my social media movements and comment negatively,cyber_bullying
A person is stalking me online and knows where I am,cyber_bullying
Someone is constantly checking my online status and messaging me threats,cyber_bullying
They're watching and recording my online activities without permission,cyber_bullying
My reputation is being destroyed through online false accusations,cyber_bullying
Someone started a hate campaign against me on social media,cyber_bullying
They're spreading rumors about me on all online platforms,cyber_bullying
A fake profile was created pretending to be me doing embarrassing things,cyber_bullying
My name is being dragged online with false stories and accusations,cyber_bullying
I'm being excluded from all online communities and chat groups,cyber_bullying
A group organized online to boycott and block me on social media,cyber_bullying
They started an online petition against me to harm my reputation,cyber_bullying
Someone created a hashtag to bully me online across all platforms,cyber_bullying
Thousands of people joined an online hate campaign targeting me,cyber_bullying
An entire online community is cyberbullying me at once,cyber_bullying
Multiple people coordinated online harassment against me,cyber_bullying
I'm being cyber-mobbed by a group from my school on social platforms,cyber_bullying
They organized an online attack on my social media profiles,cyber_bullying
A large group is cyberbullying me in an organized manner online,cyber_bullying
My personal information was leaked online by someone I trusted,cyber_bullying
They posted my home address online to threaten me,cyber_bullying
Someone shared my private messages online to embarrass me,cyber_bullying
They leaked my photos online without my permission,cyber_bullying
My personal details and secrets were exposed online publicly,cyber_bullying
Instagram users are commenting cruel things on every post I make,cyber_bullying
Facebook bullies created a group specifically to hurt me online,cyber_bullying
TikTok users are making mean videos targeting me specifically,cyber_bullying
Twitter is being used to cyberbully me with hateful posts,cyber_bullying
WhatsApp group members are constantly bullying me in messages,cyber_bullying
Online gamers are cyberbullying me on gaming platforms,cyber_bullying
I'm being harassed in online gaming communities,cyber_bullying
Discord users are targeting and bullying me online,cyber_bullying
Online forums are being used to mock and bully me,cyber_bullying
Someone is spreading false rumors about me in online communities,cyber_bullying
Someone is cyber-blackmailing me with my online photos,cyber_bullying
They threatened to post my private images online if I don't comply,cyber_bullying
I'm being coerced through online threats and harassment,cyber_bullying
Someone is using my online data to blackmail me,cyber_bullying
They're threatening to expose my online activities if I don't do what they want,cyber_bullying
I'm being bullied by anonymous accounts online,cyber_bullying
Someone created anonymous profiles to bully me continuously,cyber_bullying
Anonymous users are targeting me with hate messages online,cyber_bullying
An unknown person is cyberbullying me from anonymous accounts,cyber_bullying
I don't know who is bullying me but they're harassing me online constantly,cyber_bullying
My colleagues are cyberbullying me on work online platforms,cyber_bullying
Someone is spreading workplace rumors about me on social media,cyber_bullying
I'm being bullied by coworkers through online messaging,cyber_bullying
My boss is cyberbullying me through email and online messages,cyber_bullying
Professional peers are mocking me online on industry forums,cyber_bullying
My classmates are cyberbullying me on social media platforms,cyber_bullying
School friends created a group to bully me online,cyber_bullying
I'm being bullied online by people from my college,cyber_bullying
University students are cyberbullying me on online platforms,cyber_bullying
Peers from school are targeting me with mean messages online,cyber_bullying
A group of people started a coordinated campaign on Twitter to harass and insult me,cyber_bullying
Someone created a meme page using my face and making vulgar jokes,cyber_bullying
They created a Telegram group solely to share private screenshots and mock me,cyber_bullying
Classmates are mass-downvoting and posting hateful comments on all my YouTube videos,cyber_bullying
Someone made a Reddit thread spreading malicious rumors about my personal life,cyber_bullying
They leaked my private voice messages to school chat groups to humiliate me,cyber_bullying
"A hate page on Instagram was created with my name, tagging all my friends",cyber_bullying
People from my college are continuously sending cruel messages in group chats,cyber_bullying
They took a video of me crying and made it viral to mock my mental health,cyber_bullying
I am being brigaded and targeted by an online gaming community,cyber_bullying
Anonymous accounts keep posting nasty insulting polls about me on Instagram stories,cyber_bullying
They flooded my direct messages with coordinated abuse to intimidate me,cyber_bullying
Someone sends me abusive messages on WhatsApp daily,cyber_harassment
I am getting harassed through repeated emails,cyber_harassment
A person keeps messaging me with insults,cyber_harassment
Someone sends me threatening messages online,cyber_harassment
I am being harassed through Instagram DMs,cyber_harassment
A person keeps calling me with abusive language,cyber_harassment
I receive hate messages from multiple accounts,cyber_harassment
Someone keeps tagging me in abusive posts,cyber_harassment
I am getting harassed through Telegram,cyber_harassment
A person sends me harassing messages at odd hours,cyber_harassment
I receive repeated threats through SMS,cyber_harassment
Someone keeps commenting abusive things on my posts,cyber_harassment
I am being harassed through anonymous accounts,cyber_harassment
A person keeps forwarding my messages to embarrass me,cyber_harassment
I receive harassing messages despite blocking,cyber_harassment
Someone creates accounts to message me abusively,cyber_harassment
I am getting cyberbullied in group chats,cyber_harassment
A person keeps texting me with threats,cyber_harassment
I am being harassed through online gaming platforms,cyber_harassment
Someone keeps sending me abusive voice messages,cyber_harassment
Someone sends me abusive messages on WhatsApp daily,cyber_harassment
Someone sends me abusive messages on WhatsApp daily (This is happening to me regularly),cyber_harassment
I am getting harassed through repeated emails,cyber_harassment
I am getting harassed through repeated emails (This is happening to me regularly),cyber_harassment
A person keeps messaging me with insults,cyber_harassment
A person keeps messaging me with insults (This is happening to me regularly),cyber_harassment
Someone sends me threatening messages online,cyber_harassment
Someone sends me threatening messages online (This is happening to me regularly),cyber_harassment
I am being harassed through Instagram DMs,cyber_harassment
I am being harassed through Instagram DMs (This is happening to me regularly),cyber_harassment
A person keeps calling me with abusive language,cyber_harassment
A person keeps calling me with abusive language (This is happening to me regularly),cyber_harassment
I receive hate messages from multiple accounts,cyber_harassment
I receive hate messages from multiple accounts (This is happening to me regularly),cyber_harassment
Someone keeps tagging me in abusive posts,cyber_harassment
Someone keeps tagging me in abusive posts (This is happening to me regularly),cyber_harassment
I am getting harassed through Telegram,cyber_harassment
I am getting harassed through Telegram (This is happening to me regularly),cyber_harassment
A person sends me harassing messages at odd hours,cyber_harassment
A person sends me harassing messages at odd hours (This is happening to me regularly),cyber_harassment
I receive repeated threats through SMS,cyber_harassment
I receive repeated threats through SMS (This is happening to me regularly),cyber_harassment
Someone keeps commenting abusive things on my posts,cyber_harassment
Someone keeps commenting abusive things on my posts (This is happening to me regularly),cyber_harassment
I am being harassed through anonymous accounts,cyber_harassment
I am being harassed through anonymous accounts (This is happening to me regularly),cyber_harassment
A person keeps forwarding my messages to embarrass me,cyber_harassment
A person keeps forwarding my messages to embarrass me (This is happening to me regularly),cyber_harassment
I receive harassing messages despite blocking,cyber_harassment
I receive harassing messages despite blocking (This is happening to me regularly),cyber_harassment
Someone creates accounts to message me abusively,cyber_harassment
Someone creates accounts to message me abusively (This is happening to me regularly),cyber_harassment
I am getting cyberbullied in group chats,cyber_harassment
I am getting cyberbullied in group chats (This is happening to me regularly),cyber_harassment
A person keeps texting me with threats,cyber_harassment
A person keeps texting me with threats (This is happening to me regularly),cyber_harassment
I am being harassed through online gaming platforms,cyber_harassment
I am being harassed through online gaming platforms (This is happening to me regularly),cyber_harassment
Someone keeps sending me abusive voice messages,cyber_harassment
Someone keeps sending me abusive voice messages (This is happening to me regularly),cyber_harassment
Someone is harassing me on social media,cyber_harassment
I receive harassing messages online,cyber_harassment
Someone cyberbullies me constantly,cyber_harassment
I am harassed through online platforms,cyber_harassment
Someone posts mean comments about me,cyber_harassment
I receive abusive messages online,cyber_harassment
Someone creates fake accounts to harass me,cyber_harassment
I am trolled and harassed online,cyber_harassment
Someone shares my personal information to harass me,cyber_harassment
I face cyberbullying on Instagram/Facebook,cyber_harassment
Someone keeps creating new burner accounts to message me every time I block them,cyber_harassment
I receive dozens of abusive and intimidating emails every single day,cyber_harassment
A person is spamming my LinkedIn and work accounts with harassing messages,cyber_harassment
Someone is sending continuous unwanted calls and WhatsApp voice notes late at night,cyber_harassment
They are monitoring my online activity and immediately commenting on whatever I post,cyber_harassment
An unknown person is spamming my comments section with offensive threats,cyber_harassment
I am being continuously harassed by an anonymous stalker across all social media,cyber_harassment
Someone found my private mobile number and is sending vulgar messages repeatedly,cyber_harassment
They keep sending unwanted delivery orders and spam subscriptions to my email,cyber_harassment
A person is persistently sending unwanted sexual and romantic messages on Twitter,cyber_harassment
Someone created morphed sexual videos of me,cyber_sexual_crime
I am being sextorted - someone demands money for intimate photos,cyber_sexual_crime
A person sent me non-consensual intimate images,cyber_sexual_crime
Someone threatens to leak my intimate photos,cyber_sexual_crime
I am being threatened with exposure of intimate content,cyber_sexual_crime
A person demands sexual favors with threat of exposure,cyber_sexual_crime
Someone created fake nude images of me,cyber_sexual_crime
I am receiving unsolicited explicit videos,cyber_sexual_crime
A person threatens to post my intimate videos,cyber_sexual_crime
Someone demands intimate photos with threats,cyber_sexual_crime
I am being blackmailed with intimate images,cyber_sexual_crime
A person created and shared my deepfake porn,cyber_sexual_crime
Someone sends unwanted explicit content to my family,cyber_sexual_crime
I am being coerced for intimate content online,cyber_sexual_crime
A person threatens my family with leaked intimate photos,cyber_sexual_crime
Someone shares my intimate content in group chats,cyber_sexual_crime
I am being harassed with AI-generated sexual content,cyber_sexual_crime
A person demands money for not leaking intimate photos,cyber_sexual_crime
Someone threatens my career with intimate content,cyber_sexual_crime
I am being sexually exploited through online blackmail,cyber_sexual_crime
Someone created morphed sexual videos of me,cyber_sexual_crime
Someone created morphed sexual videos of me (This is happening to me regularly),cyber_sexual_crime
I am being sextorted - someone demands money for intimate photos,cyber_sexual_crime
I am being sextorted - someone demands money for intimate photos (This is happening to me regularly),cyber_sexual_crime
A person sent me non-consensual intimate images,cyber_sexual_crime
A person sent me non-consensual intimate images (This is happening to me regularly),cyber_sexual_crime
Someone threatens to leak my intimate photos,cyber_sexual_crime
Someone threatens to leak my intimate photos (This is happening to me regularly),cyber_sexual_crime
I am being threatened with exposure of intimate content,cyber_sexual_crime
I am being threatened with exposure of intimate content (This is happening to me regularly),cyber_sexual_crime
A person demands sexual favors with threat of exposure,cyber_sexual_crime
A person demands sexual favors with threat of exposure (This is happening to me regularly),cyber_sexual_crime
Someone created fake nude images of me,cyber_sexual_crime
Someone created fake nude images of me (This is happening to me regularly),cyber_sexual_crime
I am receiving unsolicited explicit videos,cyber_sexual_crime
I am receiving unsolicited explicit videos (This is happening to me regularly),cyber_sexual_crime
A person threatens to post my intimate videos,cyber_sexual_crime
A person threatens to post my intimate videos (This is happening to me regularly),cyber_sexual_crime
Someone demands intimate photos with threats,cyber_sexual_crime
Someone demands intimate photos with threats (This is happening to me regularly),cyber_sexual_crime
I am being blackmailed with intimate images,cyber_sexual_crime
I am being blackmailed with intimate images (This is happening to me regularly),cyber_sexual_crime
A person created and shared my deepfake porn,cyber_sexual_crime
A person created and shared my deepfake porn (This is happening to me regularly),cyber_sexual_crime
Someone sends unwanted explicit content to my family,cyber_sexual_crime
Someone sends unwanted explicit content to my family (This is happening to me regularly),cyber_sexual_crime
I am being coerced for intimate content online,cyber_sexual_crime
I am being coerced for intimate content online (This is happening to me regularly),cyber_sexual_crime
A person threatens my family with leaked intimate photos,cyber_sexual_crime
A person threatens my family with leaked intimate photos (This is happening to me regularly),cyber_sexual_crime
Someone shares my intimate content in group chats,cyber_sexual_crime
Someone shares my intimate content in group chats (This is happening to me regularly),cyber_sexual_crime
I am being harassed with AI-generated sexual content,cyber_sexual_crime
I am being harassed with AI-generated sexual content (This is happening to me regularly),cyber_sexual_crime
A person demands money for not leaking intimate photos,cyber_sexual_crime
A person demands money for not leaking intimate photos (This is happening to me regularly),cyber_sexual_crime
Someone threatens my career with intimate content,cyber_sexual_crime
Someone threatens my career with intimate content (This is happening to me regularly),cyber_sexual_crime
I am being sexually exploited through online blackmail,cyber_sexual_crime
I am being sexually exploited through online blackmail (This is happening to me regularly),cyber_sexual_crime
Someone sent me sexual messages online,cyber_sexual_crime
My intimate photos were shared without consent,cyber_sexual_crime
I'm being sexually harassed online,cyber_sexual_crime
Someone sent me sexual messages online,cyber_sexual_crime
My intimate photos were shared without consent,cyber_sexual_crime
Someone is blackmailing me with intimate photos,cyber_sexual_crime
I am being sexually exploited online,cyber_sexual_crime
Someone sent me unwanted sexual content,cyber_sexual_crime
My naked photos were leaked,cyber_sexual_crime
Someone solicits sexual content from me online,cyber_sexual_crime
I am being groomed online,cyber_sexual_crime
Someone made sexual deepfakes of me,cyber_sexual_crime
My intimate video was shared without permission,cyber_sexual_crime
Someone created deepfake explicit nude photos using my Instagram selfies,cyber_sexual_crime
My ex uploaded our private intimate bedroom videos to an adult website,cyber_sexual_crime
A stranger sent me unsolicited photos of their genitals on Instagram DMs,cyber_sexual_crime
Someone installed spyware on my phone and is recording me through the camera,cyber_sexual_crime
Hidden camera footage of me in a changing room was circulated on Telegram,cyber_sexual_crime
Someone created a fake pornography profile using my name and college details,cyber_sexual_crime
They are selling access to my leaked private photos on private chat channels,cyber_sexual_crime
A video call was secretly screen-recorded and used for sexual extortion,cyber_sexual_crime
Someone flashed themselves to me during an online Zoom lecture,cyber_sexual_crime
My private photos were hacked from cloud storage and shared on adult forums,cyber_sexual_crime
Someone spread false rumors about me ruining my reputation,defamation_privacy_fraud
A person posted lies about me on social media,defamation_privacy_fraud
Someone made false accusations to damage me,defamation_privacy_fraud
I am being defamed through false posts,defamation_privacy_fraud
A person spread fake stories about my character,defamation_privacy_fraud
Someone violated my privacy by sharing personal info,defamation_privacy_fraud
I found my private messages shared publicly,defamation_privacy_fraud
A person committed fraud in my name,defamation_privacy_fraud
Someone created a fake resume pretending to be me,defamation_privacy_fraud
I am accused of cheating with someone else work,defamation_privacy_fraud
A person defames me with false allegations,defamation_privacy_fraud
Someone leaked my confidential information,defamation_privacy_fraud
I am suffering financial fraud in my name,defamation_privacy_fraud
A person spread false rumors about my family,defamation_privacy_fraud
Someone violated my privacy with hidden recordings,defamation_privacy_fraud
I found false information spread about my sexuality,defamation_privacy_fraud
A person committed identity fraud using my details,defamation_privacy_fraud
Someone spread lies about my academic performance,defamation_privacy_fraud
I am being defamed with fabricated stories,defamation_privacy_fraud
A person violated my privacy through surveillance,defamation_privacy_fraud
Someone spread false rumors about me ruining my reputation,defamation_privacy_fraud
Someone spread false rumors about me ruining my reputation (This is happening to me regularly),defamation_privacy_fraud
A person posted lies about me on social media,defamation_privacy_fraud
A person posted lies about me on social media (This is happening to me regularly),defamation_privacy_fraud
Someone made false accusations to damage me,defamation_privacy_fraud
Someone made false accusations to damage me (This is happening to me regularly),defamation_privacy_fraud
I am being defamed through false posts,defamation_privacy_fraud
I am being defamed through false posts (This is happening to me regularly),defamation_privacy_fraud
A person spread fake stories about my character,defamation_privacy_fraud
A person spread fake stories about my character (This is happening to me regularly),defamation_privacy_fraud
Someone violated my privacy by sharing personal info,defamation_privacy_fraud
Someone violated my privacy by sharing personal info (This is happening to me regularly),defamation_privacy_fraud
I found my private messages shared publicly,defamation_privacy_fraud
I found my private messages shared publicly (This is happening to me regularly),defamation_privacy_fraud
A person committed fraud in my name,defamation_privacy_fraud
A person committed fraud in my name (This is happening to me regularly),defamation_privacy_fraud
Someone created a fake resume pretending to be me,defamation_privacy_fraud
Someone created a fake resume pretending to be me (This is happening to me regularly),defamation_privacy_fraud
I am accused of cheating with someone else work,defamation_privacy_fraud
I am accused of cheating with someone else work (This is happening to me regularly),defamation_privacy_fraud
A person defames me with false allegations,defamation_privacy_fraud
A person defames me with false allegations (This is happening to me regularly),defamation_privacy_fraud
Someone leaked my confidential information,defamation_privacy_fraud
Someone leaked my confidential information (This is happening to me regularly),defamation_privacy_fraud
I am suffering financial fraud in my name,defamation_privacy_fraud
I am suffering financial fraud in my name (This is happening to me regularly),defamation_privacy_fraud
A person spread false rumors about my family,defamation_privacy_fraud
A person spread false rumors about my family (This is happening to me regularly),defamation_privacy_fraud
Someone violated my privacy with hidden recordings,defamation_privacy_fraud
Someone violated my privacy with hidden recordings (This is happening to me regularly),defamation_privacy_fraud
I found false information spread about my sexuality,defamation_privacy_fraud
I found false information spread about my sexuality (This is happening to me regularly),defamation_privacy_fraud
A person committed identity fraud using my details,defamation_privacy_fraud
A person committed identity fraud using my details (This is happening to me regularly),defamation_privacy_fraud
Someone spread lies about my academic performance,defamation_privacy_fraud
Someone spread lies about my academic performance (This is happening to me regularly),defamation_privacy_fraud
I am being defamed with fabricated stories,defamation_privacy_fraud
I am being defamed with fabricated stories (This is happening to me regularly),defamation_privacy_fraud
A person violated my privacy through surveillance,defamation_privacy_fraud
A person violated my privacy through surveillance (This is happening to me regularly),defamation_privacy_fraud
Someone is spreading false rumors about me,defamation_privacy_fraud
My reputation is being damaged with lies,defamation_privacy_fraud
Someone defames me publicly,defamation_privacy_fraud
My private information is being shared,defamation_privacy_fraud
Someone defrauded me,defamation_privacy_fraud
False information about me is spread,defamation_privacy_fraud
My privacy is violated,defamation_privacy_fraud
Someone makes false accusations against me,defamation_privacy_fraud
My personal details are misused,defamation_privacy_fraud
Someone pasted posters in my neighborhood claiming I am a thief and criminal,defamation_privacy_fraud
A person published a blog post with completely fabricated allegations about me,defamation_privacy_fraud
They leaked my confidential medical history and psychiatric records online,defamation_privacy_fraud
Someone created a fake Facebook post claiming I committed fraud and scamming,defamation_privacy_fraud
A rival student spread false rumors to the placement cell that I cheated in exams,defamation_privacy_fraud
They recorded my private phone call without consent and shared an edited snippet,defamation_privacy_fraud
Someone circulated a fake newspaper clipping accusing my family of financial crimes,defamation_privacy_fraud
A person gave false statements to local reporters to damage my professional career,defamation_privacy_fraud
They accessed my bank statements illegally and shared my financial info publicly,defamation_privacy_fraud
Someone sent anonymous malicious letters to my company HR to get me fired,defamation_privacy_fraud
A professor said girls are naturally bad at technical subjects,gender_discrimination
I am given lower grade than boys for the same work,gender_discrimination
A teacher told me women should not pursue engineering,gender_discrimination
My family will not let me out because I am a woman,gender_discrimination
A colleague said women are too emotional for leadership,gender_discrimination
I am denied opportunities because I am male and stereotyped,gender_discrimination
A person said I should focus on cooking instead of studies,gender_discrimination
Someone told me to act more feminine or masculine,gender_discrimination
A teacher assigns less important projects to girls,gender_discrimination
A person assumes I am weak because of my gender,gender_discrimination
I am paid less than colleagues for the same work,gender_discrimination
A senior said women should not be out late,gender_discrimination
Someone questioned my capability because of my gender,gender_discrimination
A professor called on girls less in class,gender_discrimination
I was told I am too pretty to be taken seriously,gender_discrimination
A person made assumptions about my abilities due to gender,gender_discrimination
I face different rules than opposite gender,gender_discrimination
Someone said my gender makes me unsuitable for the job,gender_discrimination
A teacher gives better grades to boys,gender_discrimination
A person underestimated me based on gender,gender_discrimination
A professor said girls are naturally bad at technical subjects,gender_discrimination
A professor said girls are naturally bad at technical subjects (This is happening to me regularly),gender_discrimination
I am given lower grade than boys for the same work,gender_discrimination
I am given lower grade than boys for the same work (This is happening to me regularly),gender_discrimination
A teacher told me women should not pursue engineering,gender_discrimination
A teacher told me women should not pursue engineering (This is happening to me regularly),gender_discrimination
My family will not let me out because I am a woman,gender_discrimination
My family will not let me out because I am a woman (This is happening to me regularly),gender_discrimination
A colleague said women are too emotional for leadership,gender_discrimination
A colleague said women are too emotional for leadership (This is happening to me regularly),gender_discrimination
I am denied opportunities because I am male and stereotyped,gender_discrimination
I am denied opportunities because I am male and stereotyped (This is happening to me regularly),gender_discrimination
A person said I should focus on cooking instead of studies,gender_discrimination
A person said I should focus on cooking instead of studies (This is happening to me regularly),gender_discrimination
Someone told me to act more feminine or masculine,gender_discrimination
Someone told me to act more feminine or masculine (This is happening to me regularly),gender_discrimination
A teacher assigns less important projects to girls,gender_discrimination
A teacher assigns less important projects to girls (This is happening to me regularly),gender_discrimination
A person assumes I am weak because of my gender,gender_discrimination
A person assumes I am weak because of my gender (This is happening to me regularly),gender_discrimination
I am paid less than colleagues for the same work,gender_discrimination
I am paid less than colleagues for the same work (This is happening to me regularly),gender_discrimination
A senior said women should not be out late,gender_discrimination
A senior said women should not be out late (This is happening to me regularly),gender_discrimination
Someone questioned my capability because of my gender,gender_discrimination
Someone questioned my capability because of my gender (This is happening to me regularly),gender_discrimination
A professor called on girls less in class,gender_discrimination
A professor called on girls less in class (This is happening to me regularly),gender_discrimination
I was told I am too pretty to be taken seriously,gender_discrimination
I was told I am too pretty to be taken seriously (This is happening to me regularly),gender_discrimination
A person made assumptions about my abilities due to gender,gender_discrimination
A person made assumptions about my abilities due to gender (This is happening to me regularly),gender_discrimination
I face different rules than opposite gender,gender_discrimination
I face different rules than opposite gender (This is happening to me regularly),gender_discrimination
Someone said my gender makes me unsuitable for the job,gender_discrimination
Someone said my gender makes me unsuitable for the job (This is happening to me regularly),gender_discrimination
A teacher gives better grades to boys,gender_discrimination
A teacher gives better grades to boys (This is happening to me regularly),gender_discrimination
A person underestimated me based on gender,gender_discrimination
A person underestimated me based on gender (This is happening to me regularly),gender_discrimination
I face discrimination because of my gender,gender_discrimination
I am treated unfairly because I am a girl,gender_discrimination
I am treated unfairly because I am a boy,gender_discrimination
My gender is used against me,gender_discrimination
I face gender-based discrimination,gender_discrimination
I am denied opportunities due to my gender,gender_discrimination
People stereotype me based on my gender,gender_discrimination
I face sexist comments and behavior,gender_discrimination
My gender affects how people treat me,gender_discrimination
I face discrimination for being transgender,gender_discrimination
I am facing gender discrimination,gender_discrimination
I am discriminated against for my gender,gender_discrimination
my gender determines how people treat me,gender_discrimination
I face gender-based treatment,gender_discrimination
I am denied opportunities because of my gender,gender_discrimination
people stereotype me based on gender,gender_discrimination
I am treated unfairly because of my gender,gender_discrimination
my gender affects my opportunities,gender_discrimination
gender discrimination affects me,gender_discrimination
The college imposes a 6 PM curfew for female students but allows boys out till 10 PM,gender_discrimination
A professor told me that women are not suited for mechanical engineering,gender_discrimination
I was rejected from the student council head role because the committee preferred a male,gender_discrimination
They told me female students cannot stay in the laboratory after evening hours,gender_discrimination
A faculty member made sexist remarks asking why girls bother studying when they just marry,gender_discrimination
Female students were denied permission to participate in the annual sports tournament,gender_discrimination
The placement officer told companies not to hire female candidates for fieldwork,gender_discrimination
I was asked invasive questions about my marriage and family plans during a PhD interview,gender_discrimination
Male students were given access to research equipment while female students were denied,gender_discrimination
They treated transgender students with disrespect and denied access to proper facilities,gender_discrimination
I am treated unfairly because I am from a poor family,general_discrimination
A person discriminates against me based on my appearance,general_discrimination
I face discrimination due to my disability,general_discrimination
A person treats me differently because of my family background,general_discrimination
I am excluded due to my economic status,general_discrimination
A person discriminates against me based on age,general_discrimination
I face unfair treatment due to my occupation,general_discrimination
A person treats me poorly due to where I am from,general_discrimination
I am discriminated against due to my accent,general_discrimination
A person excludes me due to my beliefs,general_discrimination
I face discrimination at work due to my background,general_discrimination
A person treats me poorly due to my lifestyle,general_discrimination
I am excluded from activities due to my status,general_discrimination
A person discriminates based on my education level,general_discrimination
I face unfair treatment due to my family structure,general_discrimination
A person treats me poorly due to my social status,general_discrimination
I am discriminated against due to my orientation,general_discrimination
A person excludes me based on stereotypes,general_discrimination
I face bias due to my cultural background,general_discrimination
A person treats me unfairly due to my social circle,general_discrimination
I am treated unfairly because I am from a poor family,general_discrimination
I am treated unfairly because I am from a poor family (This is happening to me regularly),general_discrimination
A person discriminates against me based on my appearance,general_discrimination
A person discriminates against me based on my appearance (This is happening to me regularly),general_discrimination
I face discrimination due to my disability,general_discrimination
I face discrimination due to my disability (This is happening to me regularly),general_discrimination
A person treats me differently because of my family background,general_discrimination
A person treats me differently because of my family background (This is happening to me regularly),general_discrimination
I am excluded due to my economic status,general_discrimination
I am excluded due to my economic status (This is happening to me regularly),general_discrimination
A person discriminates against me based on age,general_discrimination
A person discriminates against me based on age (This is happening to me regularly),general_discrimination
I face unfair treatment due to my occupation,general_discrimination
I face unfair treatment due to my occupation (This is happening to me regularly),general_discrimination
A person treats me poorly due to where I am from,general_discrimination
A person treats me poorly due to where I am from (This is happening to me regularly),general_discrimination
I am discriminated against due to my accent,general_discrimination
I am discriminated against due to my accent (This is happening to me regularly),general_discrimination
A person excludes me due to my beliefs,general_discrimination
A person excludes me due to my beliefs (This is happening to me regularly),general_discrimination
I face discrimination at work due to my background,general_discrimination
I face discrimination at work due to my background (This is happening to me regularly),general_discrimination
A person treats me poorly due to my lifestyle,general_discrimination
A person treats me poorly due to my lifestyle (This is happening to me regularly),general_discrimination
I am excluded from activities due to my status,general_discrimination
I am excluded from activities due to my status (This is happening to me regularly),general_discrimination
A person discriminates based on my education level,general_discrimination
A person discriminates based on my education level (This is happening to me regularly),general_discrimination
I face unfair treatment due to my family structure,general_discrimination
I face unfair treatment due to my family structure (This is happening to me regularly),general_discrimination
A person treats me poorly due to my social status,general_discrimination
A person treats me poorly due to my social status (This is happening to me regularly),general_discrimination
I am discriminated against due to my orientation,general_discrimination
I am discriminated against due to my orientation (This is happening to me regularly),general_discrimination
A person excludes me based on stereotypes,general_discrimination
A person excludes me based on stereotypes (This is happening to me regularly),general_discrimination
I face bias due to my cultural background,general_discrimination
I face bias due to my cultural background (This is happening to me regularly),general_discrimination
A person treats me unfairly due to my social circle,general_discrimination
A person treats me unfairly due to my social circle (This is happening to me regularly),general_discrimination
I face general discrimination,general_discrimination
I am treated unfairly,general_discrimination
Discrimination is happening to me,general_discrimination
I am discriminated against,general_discrimination
I experience prejudicial treatment,general_discrimination
I am denied equal treatment,general_discrimination
Discrimination affects my opportunities,general_discrimination
The university buildings have no wheelchair ramps and the administration refused accommodation,general_discrimination
A professor mocked my speech impediment and stutter in front of the entire class,general_discrimination
I was denied hostel accommodation because I suffer from a chronic medical disability,general_discrimination
Classmates made fun of my rural background and poor English communication skills,general_discrimination
The department refused to provide exam question papers in accessible format for blind students,general_discrimination
I was excluded from college clubs because I come from an impoverished family background,general_discrimination
A teacher openly ridiculed students from state government schools,general_discrimination
They refused to admit my service animal on campus despite medical documentation,general_discrimination
I was mocked and treated as inferior because I work a night job to pay tuition,general_discrimination
Someone created a fake account pretending to be me,impersonation_doxxing
A person posted my personal information online,impersonation_doxxing
Someone leaked my home address on social media,impersonation_doxxing
I found my intimate photos shared without permission,impersonation_doxxing
A person shared my phone number publicly online,impersonation_doxxing
Someone impersonated me to damage my reputation,impersonation_doxxing
I found deepfake videos of me online,impersonation_doxxing
A person shared my family addresses,impersonation_doxxing
Someone used my photos to create fake accounts,impersonation_doxxing
I found my location tracked and shared,impersonation_doxxing
A person leaked my workplace information,impersonation_doxxing
Someone created videos with my face,impersonation_doxxing
I found my personal details posted on forums,impersonation_doxxing
A person hacked my account and impersonated me,impersonation_doxxing
Someone shared screenshots of my private conversations,impersonation_doxxing
I found my intimate images morphed and shared,impersonation_doxxing
A person created a fake profile to impersonate me,impersonation_doxxing
Someone shared my educational details publicly,impersonation_doxxing
I found myself being impersonated in multiple forums,impersonation_doxxing
A person shared my contact information for harassment,impersonation_doxxing
Someone created a fake account pretending to be me,impersonation_doxxing
Someone created a fake account pretending to be me (This is happening to me regularly),impersonation_doxxing
A person posted my personal information online,impersonation_doxxing
A person posted my personal information online (This is happening to me regularly),impersonation_doxxing
Someone leaked my home address on social media,impersonation_doxxing
Someone leaked my home address on social media (This is happening to me regularly),impersonation_doxxing
I found my intimate photos shared without permission,impersonation_doxxing
I found my intimate photos shared without permission (This is happening to me regularly),impersonation_doxxing
A person shared my phone number publicly online,impersonation_doxxing
A person shared my phone number publicly online (This is happening to me regularly),impersonation_doxxing
Someone impersonated me to damage my reputation,impersonation_doxxing
Someone impersonated me to damage my reputation (This is happening to me regularly),impersonation_doxxing
I found deepfake videos of me online,impersonation_doxxing
I found deepfake videos of me online (This is happening to me regularly),impersonation_doxxing
A person shared my family addresses,impersonation_doxxing
A person shared my family addresses (This is happening to me regularly),impersonation_doxxing
Someone used my photos to create fake accounts,impersonation_doxxing
Someone used my photos to create fake accounts (This is happening to me regularly),impersonation_doxxing
I found my location tracked and shared,impersonation_doxxing
I found my location tracked and shared (This is happening to me regularly),impersonation_doxxing
A person leaked my workplace information,impersonation_doxxing
A person leaked my workplace information (This is happening to me regularly),impersonation_doxxing
Someone created videos with my face,impersonation_doxxing
Someone created videos with my face (This is happening to me regularly),impersonation_doxxing
I found my personal details posted on forums,impersonation_doxxing
I found my personal details posted on forums (This is happening to me regularly),impersonation_doxxing
A person hacked my account and impersonated me,impersonation_doxxing
A person hacked my account and impersonated me (This is happening to me regularly),impersonation_doxxing
Someone shared screenshots of my private conversations,impersonation_doxxing
Someone shared screenshots of my private conversations (This is happening to me regularly),impersonation_doxxing
I found my intimate images morphed and shared,impersonation_doxxing
I found my intimate images morphed and shared (This is happening to me regularly),impersonation_doxxing
A person created a fake profile to impersonate me,impersonation_doxxing
A person created a fake profile to impersonate me (This is happening to me regularly),impersonation_doxxing
Someone shared my educational details publicly,impersonation_doxxing
Someone shared my educational details publicly (This is happening to me regularly),impersonation_doxxing
I found myself being impersonated in multiple forums,impersonation_doxxing
I found myself being impersonated in multiple forums (This is happening to me regularly),impersonation_doxxing
A person shared my contact information for harassment,impersonation_doxxing
A person shared my contact information for harassment (This is happening to me regularly),impersonation_doxxing
Someone impersonated me on social media,impersonation_doxxing
My identity was stolen online,impersonation_doxxing
Someone created a fake account in my name,impersonation_doxxing
Someone spread my personal information,impersonation_doxxing
My private information was leaked online,impersonation_doxxing
Someone shared my address and phone number,impersonation_doxxing
I was doxxed on social media,impersonation_doxxing
Someone impersonates me to harass others,impersonation_doxxing
My personal details were made public without consent,impersonation_doxxing
Someone created a fake profile pretending to be me,impersonation_doxxing
someone impersonated me and shared harmful content,impersonation_doxxing
my identity was stolen and misused,impersonation_doxxing
someone created a fake account pretending to be me,impersonation_doxxing
someone is impersonating me online,impersonation_doxxing
my personal information was leaked online,impersonation_doxxing
someone doxxed me on social media,impersonation_doxxing
my address and phone were shared without permission,impersonation_doxxing
someone shared my personal details online,impersonation_doxxing
my identity is being used to harm me,impersonation_doxxing
someone impersonated me and shared harmful content,impersonation_doxxing
my identity was misused online,impersonation_doxxing
someone created fake account as me,impersonation_doxxing
identity theft happened,impersonation_doxxing
someone stole my online identity,impersonation_doxxing
fake profile impersonating me,impersonation_doxxing
my info was shared online without consent,impersonation_doxxing
"Someone posted my full residential address, phone number, and family photos on Twitter",impersonation_doxxing
"A fake Tinder profile was made using my photos, real name, and phone number",impersonation_doxxing
"Someone leaked my Aadhaar card number, PAN details, and student ID online",impersonation_doxxing
A person created an exact clone of my Instagram account and is scamming my followers,impersonation_doxxing
My home location and daily commuting schedule were published on an anonymous forum,impersonation_doxxing
Someone registered my phone number on multiple adult dating websites to harass me,impersonation_doxxing
A fake email address in my name was used to send offensive emails to college professors,impersonation_doxxing
They leaked my private WhatsApp contact list and personal email accounts online,impersonation_doxxing
Someone used my photograph and forged documents to apply for online credit cards,impersonation_doxxing
My college is blocking my TC because I complained,institutional_misconduct
A professor is retaliating against me for reporting abuse,institutional_misconduct
The college will not investigate harassment complaints,institutional_misconduct
A teacher is giving me bad marks for reporting them,institutional_misconduct
The administration is covering up abuse cases,institutional_misconduct
I am being threatened with expulsion for complaining,institutional_misconduct
A college official is demanding money for favors,institutional_misconduct
The college is illegally holding my original documents,institutional_misconduct
A teacher is sexually harassing me and administration ignores,institutional_misconduct
I am facing institutional retaliation for speaking up,institutional_misconduct
The college is biased against me for my caste,institutional_misconduct
An administrator abused me and there is no investigation,institutional_misconduct
The college administration is ignoring rape complaints,institutional_misconduct
A faculty member is abusing power over my grades,institutional_misconduct
The institution is enabling serial abusers,institutional_misconduct
I am being punished for reporting misconduct,institutional_misconduct
The college will not let me change my hostel after abuse,institutional_misconduct
An official is extorting money for college favors,institutional_misconduct
The administration is covering up a crime,institutional_misconduct
I am facing administrative punishment for reporting harassment,institutional_misconduct
My college is blocking my TC because I complained,institutional_misconduct
My college is blocking my TC because I complained (This is happening to me regularly),institutional_misconduct
A professor is retaliating against me for reporting abuse,institutional_misconduct
A professor is retaliating against me for reporting abuse (This is happening to me regularly),institutional_misconduct
The college will not investigate harassment complaints,institutional_misconduct
The college will not investigate harassment complaints (This is happening to me regularly),institutional_misconduct
A teacher is giving me bad marks for reporting them,institutional_misconduct
A teacher is giving me bad marks for reporting them (This is happening to me regularly),institutional_misconduct
The administration is covering up abuse cases,institutional_misconduct
The administration is covering up abuse cases (This is happening to me regularly),institutional_misconduct
I am being threatened with expulsion for complaining,institutional_misconduct
I am being threatened with expulsion for complaining (This is happening to me regularly),institutional_misconduct
A college official is demanding money for favors,institutional_misconduct
A college official is demanding money for favors (This is happening to me regularly),institutional_misconduct
The college is illegally holding my original documents,institutional_misconduct
The college is illegally holding my original documents (This is happening to me regularly),institutional_misconduct
A teacher is sexually harassing me and administration ignores,institutional_misconduct
A teacher is sexually harassing me and administration ignores (This is happening to me regularly),institutional_misconduct
I am facing institutional retaliation for speaking up,institutional_misconduct
I am facing institutional retaliation for speaking up (This is happening to me regularly),institutional_misconduct
The college is biased against me for my caste,institutional_misconduct
The college is biased against me for my caste (This is happening to me regularly),institutional_misconduct
An administrator abused me and there is no investigation,institutional_misconduct
An administrator abused me and there is no investigation (This is happening to me regularly),institutional_misconduct
The college administration is ignoring rape complaints,institutional_misconduct
The college administration is ignoring rape complaints (This is happening to me regularly),institutional_misconduct
A faculty member is abusing power over my grades,institutional_misconduct
A faculty member is abusing power over my grades (This is happening to me regularly),institutional_misconduct
The institution is enabling serial abusers,institutional_misconduct
The institution is enabling serial abusers (This is happening to me regularly),institutional_misconduct
I am being punished for reporting misconduct,institutional_misconduct
I am being punished for reporting misconduct (This is happening to me regularly),institutional_misconduct
The college will not let me change my hostel after abuse,institutional_misconduct
The college will not let me change my hostel after abuse (This is happening to me regularly),institutional_misconduct
An official is extorting money for college favors,institutional_misconduct
An official is extorting money for college favors (This is happening to me regularly),institutional_misconduct
The administration is covering up a crime,institutional_misconduct
The administration is covering up a crime (This is happening to me regularly),institutional_misconduct
I am facing administrative punishment for reporting harassment,institutional_misconduct
I am facing administrative punishment for reporting harassment (This is happening to me regularly),institutional_misconduct
The college is denying my basic rights,institutional_misconduct
The institution is acting unfairly towards me,institutional_misconduct
College authorities are abusing their power,institutional_misconduct
Institutional negligence caused me harm,institutional_misconduct
The college failed to protect me,institutional_misconduct
Institutional policies are discriminatory,institutional_misconduct
College management is corrupt,institutional_misconduct
I am unfairly punished by the institution,institutional_misconduct
Institutional authorities are biased against me,institutional_misconduct
A professor demanded that I do his personal domestic household chores for exam marks,institutional_misconduct
The department head demanded a bribe in cash to sign my research thesis submission,institutional_misconduct
"When I filed a complaint with the ICC, the administration retaliated by failing me",institutional_misconduct
Faculty members fabricated attendance records to debar protesting students from exams,institutional_misconduct
The warden entered students' private hostel rooms without notice and confiscated property,institutional_misconduct
The management covered up a serious safety incident and pressured victims into silence,institutional_misconduct
A teacher threatened to ruin our career prospects if we gave negative feedback on faculty reviews,institutional_misconduct
The university administration refused to convene the Anti-Ragging committee after a formal complaint,institutional_misconduct
Marks were arbitrarily awarded based on personal favoritism rather than exam performance,institutional_misconduct
Someone posted hateful videos about my religion online,online_hate_speech
I see posts calling for violence against my community,online_hate_speech
A person made anti-Dalit posts targeting me,online_hate_speech
Someone posted racist content about Northeast Indians,online_hate_speech
I am targeted by online hate speech about my caste,online_hate_speech
A person shared hateful comments about women,online_hate_speech
I see organized hate posts about my community,online_hate_speech
Someone posted misogynistic content targeting me,online_hate_speech
A person shared Islamophobic content online,online_hate_speech
I am targeted by coordinated hate campaigns,online_hate_speech
Someone posted dehumanizing content about my group,online_hate_speech
A person made threats wrapped in hate speech,online_hate_speech
I see online communities organizing hate against my kind,online_hate_speech
Someone posted to incite violence against my community,online_hate_speech
A person shared content portraying my religion negatively,online_hate_speech
I am targeted by casteist hate speech online,online_hate_speech
Someone posted xenophobic content about my region,online_hate_speech
A person shared homophobic hate speech targeting me,online_hate_speech
I see content calling for discrimination against my group,online_hate_speech
Someone organized hate speech against my community,online_hate_speech
Someone posted hateful videos about my religion online,online_hate_speech
Someone posted hateful videos about my religion online (This is happening to me regularly),online_hate_speech
I see posts calling for violence against my community,online_hate_speech
I see posts calling for violence against my community (This is happening to me regularly),online_hate_speech
A person made anti-Dalit posts targeting me,online_hate_speech
A person made anti-Dalit posts targeting me (This is happening to me regularly),online_hate_speech
Someone posted racist content about Northeast Indians,online_hate_speech
Someone posted racist content about Northeast Indians (This is happening to me regularly),online_hate_speech
I am targeted by online hate speech about my caste,online_hate_speech
I am targeted by online hate speech about my caste (This is happening to me regularly),online_hate_speech
A person shared hateful comments about women,online_hate_speech
A person shared hateful comments about women (This is happening to me regularly),online_hate_speech
I see organized hate posts about my community,online_hate_speech
I see organized hate posts about my community (This is happening to me regularly),online_hate_speech
Someone posted misogynistic content targeting me,online_hate_speech
Someone posted misogynistic content targeting me (This is happening to me regularly),online_hate_speech
A person shared Islamophobic content online,online_hate_speech
A person shared Islamophobic content online (This is happening to me regularly),online_hate_speech
I am targeted by coordinated hate campaigns,online_hate_speech
I am targeted by coordinated hate campaigns (This is happening to me regularly),online_hate_speech
Someone posted dehumanizing content about my group,online_hate_speech
Someone posted dehumanizing content about my group (This is happening to me regularly),online_hate_speech
A person made threats wrapped in hate speech,online_hate_speech
A person made threats wrapped in hate speech (This is happening to me regularly),online_hate_speech
I see online communities organizing hate against my kind,online_hate_speech
I see online communities organizing hate against my kind (This is happening to me regularly),online_hate_speech
Someone posted to incite violence against my community,online_hate_speech
Someone posted to incite violence against my community (This is happening to me regularly),online_hate_speech
A person shared content portraying my religion negatively,online_hate_speech
A person shared content portraying my religion negatively (This is happening to me regularly),online_hate_speech
I am targeted by casteist hate speech online,online_hate_speech
I am targeted by casteist hate speech online (This is happening to me regularly),online_hate_speech
Someone posted xenophobic content about my region,online_hate_speech
Someone posted xenophobic content about my region (This is happening to me regularly),online_hate_speech
A person shared homophobic hate speech targeting me,online_hate_speech
A person shared homophobic hate speech targeting me (This is happening to me regularly),online_hate_speech
I see content calling for discrimination against my group,online_hate_speech
I see content calling for discrimination against my group (This is happening to me regularly),online_hate_speech
Someone organized hate speech against my community,online_hate_speech
Someone organized hate speech against my community (This is happening to me regularly),online_hate_speech
I receive hate speech online,online_hate_speech
Hateful comments are directed at me,online_hate_speech
I am targeted with hate speech,online_hate_speech
Offensive hate speech is posted about me,online_hate_speech
I receive messages containing hate speech,online_hate_speech
Someone uses hateful slurs against me online,online_hate_speech
I face hate-based comments online,online_hate_speech
Someone spreads hate speech about my community,online_hate_speech
I receive threatening hate messages,online_hate_speech
I receive hate speech online,online_hate_speech
hateful comments target me,online_hate_speech
I am attacked with hate speech,online_hate_speech
hate messages are sent to me,online_hate_speech
I face online hate,online_hate_speech
someone posts hateful content about me,online_hate_speech
hate-filled comments target me,online_hate_speech
Someone posted a video calling for the lynching and expulsion of my community,online_hate_speech
A group is spreading genocidal memes and incitement to violence on Telegram,online_hate_speech
They shared vile dehumanizing cartoons depicting my religious and ethnic group,online_hate_speech
A public page is encouraging physical attacks against minority students in town,online_hate_speech
People are posting hate-filled rants threatening the annihilation of our group,online_hate_speech
Someone circulated hate speech pamphlets calling our community parasites and traitors,online_hate_speech
A verified social media account called for economic boycotts and attacks on our community,online_hate_speech
They are organizing coordinated online mobs to harass members of our community,online_hate_speech
My senior punched me in the face,physical_assault
A boy hit me with a stick,physical_assault
They kicked me during a fight,physical_assault
Someone beat me up behind the hostel,physical_assault
A group attacked me and I got injured,physical_assault
He slapped me hard across the face,physical_assault
They threw me against the wall,physical_assault
Multiple people assaulted me in the bathroom,physical_assault
A teacher pushed me and I fell,physical_assault
My senior punched my stomach repeatedly,physical_assault
Someone attacked me with an iron rod,physical_assault
They beat me with a cricket bat,physical_assault
A gang of students beat me up,physical_assault
I got physically hurt by a senior,physical_assault
Someone threw me down the stairs,physical_assault
A person hit me with a water bottle,physical_assault
I was beaten up by multiple attackers,physical_assault
My hostel senior kicked me repeatedly,physical_assault
Someone struck me with a shoe,physical_assault
A teacher physically abused me,physical_assault
They punched me during an argument,physical_assault
I got struck with a wooden plank,physical_assault
My arm was twisted violently,physical_assault
Someone choked me during a fight,physical_assault
A senior broke my phone and hit me,physical_assault
My senior punched me in the face,physical_assault
My senior punched me in the face (This is happening to me regularly),physical_assault
A boy hit me with a stick,physical_assault
A boy hit me with a stick (This is happening to me regularly),physical_assault
They kicked me during a fight,physical_assault
They kicked me during a fight (This is happening to me regularly),physical_assault
Someone beat me up behind the hostel,physical_assault
Someone beat me up behind the hostel (This is happening to me regularly),physical_assault
A group attacked me and I got injured,physical_assault
A group attacked me and I got injured (This is happening to me regularly),physical_assault
He slapped me hard across the face,physical_assault
He slapped me hard across the face (This is happening to me regularly),physical_assault
They threw me against the wall,physical_assault
They threw me against the wall (This is happening to me regularly),physical_assault
Multiple people assaulted me in the bathroom,physical_assault
Multiple people assaulted me in the bathroom (This is happening to me regularly),physical_assault
A teacher pushed me and I fell,physical_assault
A teacher pushed me and I fell (This is happening to me regularly),physical_assault
My senior punched my stomach repeatedly,physical_assault
My senior punched my stomach repeatedly (This is happening to me regularly),physical_assault
Someone attacked me with an iron rod,physical_assault
Someone attacked me with an iron rod (This is happening to me regularly),physical_assault
They beat me with a cricket bat,physical_assault
They beat me with a cricket bat (This is happening to me regularly),physical_assault
A gang of students beat me up,physical_assault
A gang of students beat me up (This is happening to me regularly),physical_assault
I got physically hurt by a senior,physical_assault
I got physically hurt by a senior (This is happening to me regularly),physical_assault
Someone threw me down the stairs,physical_assault
Someone threw me down the stairs (This is happening to me regularly),physical_assault
A person hit me with a water bottle,physical_assault
A person hit me with a water bottle (This is happening to me regularly),physical_assault
I was beaten up by multiple attackers,physical_assault
I was beaten up by multiple attackers (This is happening to me regularly),physical_assault
My hostel senior kicked me repeatedly,physical_assault
My hostel senior kicked me repeatedly (This is happening to me regularly),physical_assault
Someone struck me with a shoe,physical_assault
Someone struck me with a shoe (This is happening to me regularly),physical_assault
A teacher physically abused me,physical_assault
A teacher physically abused me (This is happening to me regularly),physical_assault
They punched me during an argument,physical_assault
They punched me during an argument (This is happening to me regularly),physical_assault
I got struck with a wooden plank,physical_assault
I got struck with a wooden plank (This is happening to me regularly),physical_assault
My arm was twisted violently,physical_assault
My arm was twisted violently (This is happening to me regularly),physical_assault
Someone choked me during a fight,physical_assault
Someone choked me during a fight (This is happening to me regularly),physical_assault
A senior broke my phone and hit me,physical_assault
A senior broke my phone and hit me (This is happening to me regularly),physical_assault
My uncle beat me,physical_assault
My uncle hit me badly,physical_assault
Someone beat me at home,physical_assault
My family member attacked me,physical_assault
My senior punched me in the face,physical_assault
A student hit me with a stick,physical_assault
Someone beat me up,physical_assault
I was physically attacked,physical_assault
My peer pushed me against the wall,physical_assault
Someone threw something at me and hurt me,physical_assault
A group of students beat me,physical_assault
My classmate kicked me,physical_assault
Someone stabbed me with a knife,physical_assault
I was slapped and hit,physical_assault
Someone punched me multiple times,physical_assault
A person attacked me physically,physical_assault
I got into a physical fight and got hurt,physical_assault
Someone threw me down the stairs,physical_assault
My senior violently attacked me,physical_assault
A senior attacked me with an iron rod outside the main gate,physical_assault
They cornered me behind the gym and beat me with wooden sticks,physical_assault
A student stabbed my arm with a compass during an argument in class,physical_assault
I was attacked by a gang of boys and suffered multiple fractures and bleeding,physical_assault
Someone struck my head with a glass bottle in the hostel canteen,physical_assault
My roommate punched me in the eye and choked me until I lost consciousness,physical_assault
A group of seniors dragged me into a bathroom and kicked me repeatedly in the ribs,physical_assault
Someone slapped me across the face and shoved me down the staircase,physical_assault
I was physically beaten up by local goons hired by another student,physical_assault
They threw hot tea on my face and burned my skin intentionally,physical_assault
People discriminate against me because I am from Northeast,racism
A teacher made racist jokes about my region,racism
Someone called me a foreigner and kicked me out,racism
My classmates do not include me because of my race,racism
A person said all people from my region are terrorists,racism
I was denied entry to a club because of my appearance,racism
Someone said my accent makes me inferior,racism
A senior called me by a racist slur,racism
People assume I am poor because of my ethnicity,racism
Someone made racist comments about my skin color,racism
I was targeted for being from a tribal community,racism
A teacher made demeaning comments about my region,racism
Someone said I do not belong in India,racism
A person excluded me for being from Northeast India,racism
My colleagues made stereotypical jokes about my region,racism
Someone refused to sit with me due to my race,racism
A person said my community is backward,racism
I was bullied for having a regional accent,racism
Someone made comments about my facial features,racism
A senior said people from my region are uneducated,racism
People discriminate against me because I am from Northeast,racism
People discriminate against me because I am from Northeast (This is happening to me regularly),racism
A teacher made racist jokes about my region,racism
A teacher made racist jokes about my region (This is happening to me regularly),racism
Someone called me a foreigner and kicked me out,racism
Someone called me a foreigner and kicked me out (This is happening to me regularly),racism
My classmates do not include me because of my race,racism
My classmates do not include me because of my race (This is happening to me regularly),racism
A person said all people from my region are terrorists,racism
A person said all people from my region are terrorists (This is happening to me regularly),racism
I was denied entry to a club because of my appearance,racism
I was denied entry to a club because of my appearance (This is happening to me regularly),racism
Someone said my accent makes me inferior,racism
Someone said my accent makes me inferior (This is happening to me regularly),racism
A senior called me by a racist slur,racism
A senior called me by a racist slur (This is happening to me regularly),racism
People assume I am poor because of my ethnicity,racism
People assume I am poor because of my ethnicity (This is happening to me regularly),racism
Someone made racist comments about my skin color,racism
Someone made racist comments about my skin color (This is happening to me regularly),racism
I was targeted for being from a tribal community,racism
I was targeted for being from a tribal community (This is happening to me regularly),racism
A teacher made demeaning comments about my region,racism
A teacher made demeaning comments about my region (This is happening to me regularly),racism
Someone said I do not belong in India,racism
Someone said I do not belong in India (This is happening to me regularly),racism
A person excluded me for being from Northeast India,racism
A person excluded me for being from Northeast India (This is happening to me regularly),racism
My colleagues made stereotypical jokes about my region,racism
My colleagues made stereotypical jokes about my region (This is happening to me regularly),racism
Someone refused to sit with me due to my race,racism
Someone refused to sit with me due to my race (This is happening to me regularly),racism
A person said my community is backward,racism
A person said my community is backward (This is happening to me regularly),racism
I was bullied for having a regional accent,racism
I was bullied for having a regional accent (This is happening to me regularly),racism
Someone made comments about my facial features,racism
Someone made comments about my facial features (This is happening to me regularly),racism
A senior said people from my region are uneducated,racism
A senior said people from my region are uneducated (This is happening to me regularly),racism
I face racism based on my ethnicity,racism
People treat me differently due to my race,racism
I am discriminated against because of my race,racism
Racist comments are made about me,racism
I am excluded due to my race,racism
People use racist slurs against me,racism
I face racial discrimination,racism
My race determines how people treat me,racism
I am stereotyped based on my race,racism
Racist behavior is directed at me,racism
I was mocked because of my dark skin,racism
My friends made fun of my skin color,racism
Someone insulted me because my complexion is dark,racism
I was treated differently because of my skin tone,racism
My classmates teased me for being dark-skinned,racism
Someone said I would look better with lighter skin,racism
People made jokes about how dark my skin is,racism
I was excluded because my skin was darker than theirs,racism
Someone called my dark complexion unattractive,racism
My friends compared my skin color negatively to theirs,racism
I was embarrassed because someone mocked my skin tone,racism
People treated me as less attractive because of my dark skin,racism
Someone made offensive comments about the color of my skin,racism
My classmates laughed at me because I have dark skin,racism
I was told that lighter skin is more beautiful,racism
Someone made me feel ashamed of my natural skin color,racism
My peers kept making jokes about my complexion,racism
I was judged negatively because of my skin tone,racism
Someone told me I was too dark to be attractive,racism
I experienced discrimination because of the color of my skin,racism
Students from Delhi called me chinki and told me to go back to China because of my face,racism
A landlord refused to rent to me because I am from Manipur and Northeast India,racism
Classmates made offensive remarks about people from the Northeast eating dogs and weird food,racism
An African international student was surrounded and racially abused by a mob,racism
They mockingly pulled their eyes back when I walked into the lecture hall,racism
A teacher made derogatory generalizations about students from tribal backgrounds,racism
I was subjected to racist slurs and taunted as an outsider in my own country,racism
People on campus constantly question my citizenship and nationality because of my facial features,racism
They refused to sit next to me on the college bus because of my race and ethnicity,racism
My seniors forced me to do humiliating dares,ragging
I was made to crawl and do push-ups as punishment,ragging
Seniors humiliated me in front of the entire batch,ragging
I was forced to perform degrading acts by seniors,ragging
A senior made me sing dirty songs in public,ragging
I was pressured to drink beyond my limits,ragging
Seniors locked me in a room and abused me,ragging
I was forced to reveal my secrets publicly,ragging
A senior made me do push-ups at 2 AM,ragging
I was thrown water balloons and abused verbally,ragging
Seniors forced me to dance like they ordered,ragging
I was made to do degrading physical exercises,ragging
A senior forced me to call him with abusive names,ragging
I was publicly shamed by a group of seniors,ragging
Seniors forced me to perform humiliating tasks,ragging
I was forced to beg for money from juniors,ragging
A senior made me pledge to follow ridiculous rules,ragging
I was forced to stay awake all night,ragging
Seniors made me do their assignments,ragging
I was threatened with worse treatment if I complained,ragging
My seniors forced me to do humiliating dares,ragging
My seniors forced me to do humiliating dares (This is happening to me regularly),ragging
I was made to crawl and do push-ups as punishment,ragging
I was made to crawl and do push-ups as punishment (This is happening to me regularly),ragging
Seniors humiliated me in front of the entire batch,ragging
Seniors humiliated me in front of the entire batch (This is happening to me regularly),ragging
I was forced to perform degrading acts by seniors,ragging
I was forced to perform degrading acts by seniors (This is happening to me regularly),ragging
A senior made me sing dirty songs in public,ragging
A senior made me sing dirty songs in public (This is happening to me regularly),ragging
I was pressured to drink beyond my limits,ragging
I was pressured to drink beyond my limits (This is happening to me regularly),ragging
Seniors locked me in a room and abused me,ragging
Seniors locked me in a room and abused me (This is happening to me regularly),ragging
I was forced to reveal my secrets publicly,ragging
I was forced to reveal my secrets publicly (This is happening to me regularly),ragging
A senior made me do push-ups at 2 AM,ragging
A senior made me do push-ups at 2 AM (This is happening to me regularly),ragging
I was thrown water balloons and abused verbally,ragging
I was thrown water balloons and abused verbally (This is happening to me regularly),ragging
Seniors forced me to dance like they ordered,ragging
Seniors forced me to dance like they ordered (This is happening to me regularly),ragging
I was made to do degrading physical exercises,ragging
I was made to do degrading physical exercises (This is happening to me regularly),ragging
A senior forced me to call him with abusive names,ragging
A senior forced me to call him with abusive names (This is happening to me regularly),ragging
I was publicly shamed by a group of seniors,ragging
I was publicly shamed by a group of seniors (This is happening to me regularly),ragging
Seniors forced me to perform humiliating tasks,ragging
Seniors forced me to perform humiliating tasks (This is happening to me regularly),ragging
I was forced to beg for money from juniors,ragging
I was forced to beg for money from juniors (This is happening to me regularly),ragging
A senior made me pledge to follow ridiculous rules,ragging
A senior made me pledge to follow ridiculous rules (This is happening to me regularly),ragging
I was forced to stay awake all night,ragging
I was forced to stay awake all night (This is happening to me regularly),ragging
Seniors made me do their assignments,ragging
Seniors made me do their assignments (This is happening to me regularly),ragging
I was threatened with worse treatment if I complained,ragging
I was threatened with worse treatment if I complained (This is happening to me regularly),ragging
Seniors ragged me brutally,ragging
I was ragged severely in the hostel,ragging
Seniors forced me to do humiliating things,ragging
I was subjected to extreme ragging,ragging
Seniors made me perform degrading acts,ragging
I was verbally and physically ragged,ragging
Seniors forced me to drink and party excessively,ragging
I was ragged as part of a group,ragging
Seniors ragged me relentlessly,ragging
I was forced to participate in ragging activities,ragging
Seniors humiliated me through ragging,ragging
I was ragged despite asking them to stop,ragging
Seniors created an intimidating atmosphere,ragging
I experienced traumatic ragging,ragging
Seniors forced first-year students to strip naked and crawl across the hostel corridor,ragging
I was forced to consume alcohol and cigarette butts under threat of violence by seniors,ragging
Seniors kept me awake the entire night standing on one leg and doing physical torture,ragging
They forced me to do obscene sexual gestures in front of the entire hostel wing,ragging
Seniors locked me inside a dark bathroom for five hours as part of an initiation ritual,ragging
I was forced to write assignments for five seniors and clean their dirty laundry daily,ragging
Seniors physically slapped and burned me with hot spoons during hostel ragging,ragging
They made me perform humiliating and degrading acts while recording videos of me,ragging
I was forced to shave my head and walk with my head down across the entire campus,ragging
A professor made derogatory comments about my religion,religious_discrimination
I was forced to participate in religious practices not my own,religious_discrimination
A roommate refused to share space with me due to my religion,religious_discrimination
Someone said people of my faith are terrorists,religious_discrimination
I was denied hostel accommodation because of my religion,religious_discrimination
A teacher prevented me from leaving class for prayer,religious_discrimination
Someone tried to force-feed me non-halal meat,religious_discrimination
My classmates excluded me from events due to my religion,religious_discrimination
A person said my religious beliefs are wrong,religious_discrimination
I was prevented from wearing my religious attire,religious_discrimination
A senior made fun of my religious practices,religious_discrimination
Someone threatened me for my religious beliefs,religious_discrimination
I was told to convert to another religion,religious_discrimination
A person vandalized my religious symbols,religious_discrimination
A teacher discriminated against me in grades due to religion,religious_discrimination
Someone said my religion promotes violence,religious_discrimination
I was excluded from meals because of my religion,religious_discrimination
A senior made derogatory comments about my faith,religious_discrimination
Someone forced me to remove my religious jewelry,religious_discrimination
A person said I do not deserve respect due to my religion,religious_discrimination
A professor made derogatory comments about my religion,religious_discrimination
A professor made derogatory comments about my religion (This is happening to me regularly),religious_discrimination
I was forced to participate in religious practices not my own,religious_discrimination
I was forced to participate in religious practices not my own (This is happening to me regularly),religious_discrimination
A roommate refused to share space with me due to my religion,religious_discrimination
A roommate refused to share space with me due to my religion (This is happening to me regularly),religious_discrimination
Someone said people of my faith are terrorists,religious_discrimination
Someone said people of my faith are terrorists (This is happening to me regularly),religious_discrimination
I was denied hostel accommodation because of my religion,religious_discrimination
I was denied hostel accommodation because of my religion (This is happening to me regularly),religious_discrimination
A teacher prevented me from leaving class for prayer,religious_discrimination
A teacher prevented me from leaving class for prayer (This is happening to me regularly),religious_discrimination
Someone tried to force-feed me non-halal meat,religious_discrimination
Someone tried to force-feed me non-halal meat (This is happening to me regularly),religious_discrimination
My classmates excluded me from events due to my religion,religious_discrimination
My classmates excluded me from events due to my religion (This is happening to me regularly),religious_discrimination
A person said my religious beliefs are wrong,religious_discrimination
A person said my religious beliefs are wrong (This is happening to me regularly),religious_discrimination
I was prevented from wearing my religious attire,religious_discrimination
I was prevented from wearing my religious attire (This is happening to me regularly),religious_discrimination
A senior made fun of my religious practices,religious_discrimination
A senior made fun of my religious practices (This is happening to me regularly),religious_discrimination
Someone threatened me for my religious beliefs,religious_discrimination
Someone threatened me for my religious beliefs (This is happening to me regularly),religious_discrimination
I was told to convert to another religion,religious_discrimination
I was told to convert to another religion (This is happening to me regularly),religious_discrimination
A person vandalized my religious symbols,religious_discrimination
A person vandalized my religious symbols (This is happening to me regularly),religious_discrimination
A teacher discriminated against me in grades due to religion,religious_discrimination
A teacher discriminated against me in grades due to religion (This is happening to me regularly),religious_discrimination
Someone said my religion promotes violence,religious_discrimination
Someone said my religion promotes violence (This is happening to me regularly),religious_discrimination
I was excluded from meals because of my religion,religious_discrimination
I was excluded from meals because of my religion (This is happening to me regularly),religious_discrimination
A senior made derogatory comments about my faith,religious_discrimination
A senior made derogatory comments about my faith (This is happening to me regularly),religious_discrimination
Someone forced me to remove my religious jewelry,religious_discrimination
Someone forced me to remove my religious jewelry (This is happening to me regularly),religious_discrimination
A person said I do not deserve respect due to my religion,religious_discrimination
A person said I do not deserve respect due to my religion (This is happening to me regularly),religious_discrimination
I face discrimination because of my religion,religious_discrimination
People treat me unfairly due to my faith,religious_discrimination
I am discriminated against for my religious beliefs,religious_discrimination
Disrespectful comments are made about my religion,religious_discrimination
I am excluded from activities due to my religion,religious_discrimination
My religious beliefs are mocked,religious_discrimination
I face religious discrimination,religious_discrimination
People target me for my faith,religious_discrimination
My religion is used against me,religious_discrimination
I face prejudice based on my religion,religious_discrimination
The college barred students from wearing a hijab into the examination hall,religious_discrimination
Classmates made offensive comments about Muslims being terrorists during class discussions,religious_discrimination
A teacher forced non-Hindu students to recite specific religious prayers against their beliefs,religious_discrimination
They mocked my turban and beard and called me names in the university library,religious_discrimination
The hostel refused to accommodate dietary preferences during sacred fasting periods,religious_discrimination
A professor made insulting remarks about Christian missionaries and minority institutions,religious_discrimination
Someone desecrated religious symbols on my personal study desk in the hostel,religious_discrimination
They refused to allow me five minutes of quiet prayer time during evening study hours,religious_discrimination
he raped me,sexual_assault
she was raped,sexual_assault
I was raped,sexual_assault
someone raped me,sexual_assault
he assaulted me sexually,sexual_assault
I was sexually assaulted,sexual_assault
he forced himself on me sexually,sexual_assault
A senior touched me inappropriately without consent,sexual_assault
Someone forced me into a private room and touched me,sexual_assault
I was raped by someone at a party,sexual_assault
A teacher touched me sexually,sexual_assault
Someone tried to remove my clothes forcefully,sexual_assault
I was sexually assaulted by multiple people,sexual_assault
A senior coerced me into sexual activity,sexual_assault
Someone grabbed me inappropriately in the hostel,sexual_assault
I was sexually abused by a family friend,sexual_assault
A stranger tried to rape me,sexual_assault
Someone penetrated me against my will,sexual_assault
I was sexually harassed and then assaulted,sexual_assault
A person forced me to perform sexual acts,sexual_assault
I was molested by someone I trusted,sexual_assault
Someone forced me into a non-consensual sexual situation,sexual_assault
A senior touched me inappropriately without consent,sexual_assault
A senior touched me inappropriately without consent (This is happening to me regularly),sexual_assault
Someone forced me into a private room and touched me,sexual_assault
Someone forced me into a private room and touched me (This is happening to me regularly),sexual_assault
I was raped by someone at a party,sexual_assault
I was raped by someone at a party (This is happening to me regularly),sexual_assault
A teacher touched me sexually,sexual_assault
A teacher touched me sexually (This is happening to me regularly),sexual_assault
Someone tried to remove my clothes forcefully,sexual_assault
Someone tried to remove my clothes forcefully (This is happening to me regularly),sexual_assault
I was sexually assaulted by multiple people,sexual_assault
I was sexually assaulted by multiple people (This is happening to me regularly),sexual_assault
A senior coerced me into sexual activity,sexual_assault
A senior coerced me into sexual activity (This is happening to me regularly),sexual_assault
Someone grabbed me inappropriately in the hostel,sexual_assault
Someone grabbed me inappropriately in the hostel (This is happening to me regularly),sexual_assault
I was sexually abused by a family friend,sexual_assault
I was sexually abused by a family friend (This is happening to me regularly),sexual_assault
A stranger tried to rape me,sexual_assault
A stranger tried to rape me (This is happening to me regularly),sexual_assault
Someone penetrated me against my will,sexual_assault
Someone penetrated me against my will (This is happening to me regularly),sexual_assault
I was sexually harassed and then assaulted,sexual_assault
I was sexually harassed and then assaulted (This is happening to me regularly),sexual_assault
A person forced me to perform sexual acts,sexual_assault
A person forced me to perform sexual acts (This is happening to me regularly),sexual_assault
I was molested by someone I trusted,sexual_assault
I was molested by someone I trusted (This is happening to me regularly),sexual_assault
Someone forced me into a non-consensual sexual situation,sexual_assault
Someone forced me into a non-consensual sexual situation (This is happening to me regularly),sexual_assault
My uncle touched me inappropriately,sexual_assault
My uncle touched me badly,sexual_assault
My uncle has been touching me without permission,sexual_assault
My father touched me in a sexual way,sexual_assault
My cousin touched me at home,sexual_assault
A family member touched me inappropriately,sexual_assault
My uncle tried to touch me sexually,sexual_assault
Uncle touching me without consent,sexual_assault
Someone touched me in a bad way,sexual_assault
I was touched inappropriately by someone,sexual_assault
A person touched me without my consent,sexual_assault
Someone touched my private parts,sexual_assault
I was touched against my will,sexual_assault
Someone grabbed and touched me,sexual_assault
I was touched intimately without permission,sexual_assault
A man touched me inappropriately,sexual_assault
Someone touched me sexually without asking,sexual_assault
I didn't want to be touched that way,sexual_assault
Someone put their hands on me inappropriately,sexual_assault
I was touched while sleeping,sexual_assault
Someone groped me,sexual_assault
I was unwillingly touched by a stranger,sexual_assault
A person touched me in an uncomfortable way,sexual_assault
Someone touched me after I said no,sexual_assault
A senior in hostel touched me,sexual_assault
My roommate touched me without consent,sexual_assault
Someone at a party touched me sexually,sexual_assault
A person at college touched me inappropriately,sexual_assault
"In the classroom, someone touched me badly",sexual_assault
"At work, my boss touched me inappropriately",sexual_assault
"In a bus, someone touched me sexually",sexual_assault
Someone touched me in a public place,sexual_assault
I was sexually touched by a family member,sexual_assault
My uncle made unwanted sexual contact,sexual_assault
Someone I know sexually touched me,sexual_assault
I was touched in a sexual manner against my will,sexual_assault
Someone made non-consensual sexual contact with me,sexual_assault
I experienced unwanted sexual touching,sexual_assault
A person touched me sexually when I didn't want it,sexual_assault
I was touched inappropriately by my relative,sexual_assault
My uncle touched me inappropriately,sexual_assault
My uncle touched me badly,sexual_assault
My father touched me in a sexual way,sexual_assault
My cousin assaulted me,sexual_assault
A family member forced sexual contact,sexual_assault
My stepfather sexually abused me,sexual_assault
My brother touched me without consent,sexual_assault
My relative tried to rape me,sexual_assault
My teacher sexually assaulted me,sexual_assault
My principal touched me inappropriately,sexual_assault
My coach forced me to do sexual acts,sexual_assault
My instructor sexually abused me,sexual_assault
A senior at college assaulted me,sexual_assault
Someone forced me into sexual activity,sexual_assault
I was sexually assaulted against my will,sexual_assault
Someone raped me at a party,sexual_assault
I was forced to have sex,sexual_assault
Someone penetrated me without consent,sexual_assault
I was coerced into sexual contact,sexual_assault
Someone forced their body on me sexually,sexual_assault
I was sexually attacked,sexual_assault
Someone sexually violated me,sexual_assault
I experienced sexual violence,sexual_assault
I was molested,sexual_assault
I was raped at an off-campus house party after someone spiked my drink,sexual_assault
A senior dragged me into an empty classroom and forcefully molested me,sexual_assault
Someone forced me to perform oral sex against my will under threat of violence,sexual_assault
My cousin sexually assaulted me when I stayed over at his house,sexual_assault
A teacher locked the staff room door and groped my breasts and private parts,sexual_assault
Someone assaulted me sexually while I was incapacitated and unable to resist,sexual_assault
I was subjected to non-consensual penetrative sexual assault by an acquaintance,sexual_assault
A person tried to forcefully rape me in the hostel stairwell late at night,sexual_assault
Someone held my hands behind my back and sexually assaulted me,sexual_assault
I was sexually violated by a senior who promised to help with my internship,sexual_assault
My professor keeps making sexual comments to me,sexual_harassment
A colleague touches me inappropriately on the shoulder,sexual_harassment
Someone sends me unwanted sexual messages,sexual_harassment
I get asked inappropriate sexual questions constantly,sexual_harassment
A senior makes sexual jokes about me in public,sexual_harassment
Someone stares at me in a sexual way,sexual_harassment
A teacher calls me for extra classes with sexual innuendo,sexual_harassment
My hostel warden makes sexual comments about my body,sexual_harassment
A person keeps trying to hug me inappropriately,sexual_harassment
Someone asks me to do sexual favors for grades,sexual_harassment
A colleague makes explicit comments about me,sexual_harassment
Someone keeps trying to kiss me without permission,sexual_harassment
A person asks for intimate photos,sexual_harassment
Someone sends me explicit videos unsolicited,sexual_harassment
My senior asks me out with sexual undertones,sexual_harassment
A person makes comments about my body constantly,sexual_harassment
Someone tries to grab me inappropriately,sexual_harassment
A friend keeps trying to kiss me despite saying no,sexual_harassment
Someone sends me unwanted romantic proposals,sexual_harassment
A teacher makes inappropriate eye contact and comments,sexual_harassment
My professor keeps making sexual comments to me,sexual_harassment
My professor keeps making sexual comments to me (This is happening to me regularly),sexual_harassment
A colleague touches me inappropriately on the shoulder,sexual_harassment
A colleague touches me inappropriately on the shoulder (This is happening to me regularly),sexual_harassment
Someone sends me unwanted sexual messages,sexual_harassment
Someone sends me unwanted sexual messages (This is happening to me regularly),sexual_harassment
I get asked inappropriate sexual questions constantly,sexual_harassment
I get asked inappropriate sexual questions constantly (This is happening to me regularly),sexual_harassment
A senior makes sexual jokes about me in public,sexual_harassment
A senior makes sexual jokes about me in public (This is happening to me regularly),sexual_harassment
Someone stares at me in a sexual way,sexual_harassment
Someone stares at me in a sexual way (This is happening to me regularly),sexual_harassment
A teacher calls me for extra classes with sexual innuendo,sexual_harassment
A teacher calls me for extra classes with sexual innuendo (This is happening to me regularly),sexual_harassment
My hostel warden makes sexual comments about my body,sexual_harassment
My hostel warden makes sexual comments about my body (This is happening to me regularly),sexual_harassment
A person keeps trying to hug me inappropriately,sexual_harassment
A person keeps trying to hug me inappropriately (This is happening to me regularly),sexual_harassment
Someone asks me to do sexual favors for grades,sexual_harassment
Someone asks me to do sexual favors for grades (This is happening to me regularly),sexual_harassment
A colleague makes explicit comments about me,sexual_harassment
A colleague makes explicit comments about me (This is happening to me regularly),sexual_harassment
Someone keeps trying to kiss me without permission,sexual_harassment
Someone keeps trying to kiss me without permission (This is happening to me regularly),sexual_harassment
A person asks for intimate photos,sexual_harassment
A person asks for intimate photos (This is happening to me regularly),sexual_harassment
Someone sends me explicit videos unsolicited,sexual_harassment
Someone sends me explicit videos unsolicited (This is happening to me regularly),sexual_harassment
My senior asks me out with sexual undertones,sexual_harassment
My senior asks me out with sexual undertones (This is happening to me regularly),sexual_harassment
A person makes comments about my body constantly,sexual_harassment
A person makes comments about my body constantly (This is happening to me regularly),sexual_harassment
Someone tries to grab me inappropriately,sexual_harassment
Someone tries to grab me inappropriately (This is happening to me regularly),sexual_harassment
A friend keeps trying to kiss me despite saying no,sexual_harassment
A friend keeps trying to kiss me despite saying no (This is happening to me regularly),sexual_harassment
Someone sends me unwanted romantic proposals,sexual_harassment
Someone sends me unwanted romantic proposals (This is happening to me regularly),sexual_harassment
A teacher makes inappropriate eye contact and comments,sexual_harassment
A teacher makes inappropriate eye contact and comments (This is happening to me regularly),sexual_harassment
My uncle makes inappropriate comments,sexual_harassment
Someone makes sexual jokes to me,sexual_harassment
I face unwanted sexual comments,sexual_harassment
My teacher makes sexual comments about me,sexual_harassment
My professor makes inappropriate sexual remarks,sexual_harassment
A senior makes sexual jokes directed at me,sexual_harassment
Someone keeps making unwanted sexual advances,sexual_harassment
My colleague makes sexual comments to me,sexual_harassment
A person at work sexually harasses me,sexual_harassment
Someone sends me sexual messages at college,sexual_harassment
I receive unwanted sexual comments online,sexual_harassment
A senior constantly makes sexual remarks,sexual_harassment
My classmate makes sexual jokes about my body,sexual_harassment
Someone whistles and makes sexual comments,sexual_harassment
I am sexually objectified by someone,sexual_harassment
A person touches me inappropriately on the shoulder,sexual_harassment
Someone keeps asking me for sexual favors,sexual_harassment
I face sexual comments and staring,sexual_harassment
my colleague harassed me sexually,sexual_harassment
my colleague makes sexual remarks,sexual_harassment
a colleague harasses me sexually,sexual_harassment
A professor constantly stares at my chest and makes suggestive sexual comments,sexual_harassment
A senior keeps following me around campus asking me to sleep with him for exam help,sexual_harassment
My classmate touches my waist and thigh inappropriately every time we sit in class,sexual_harassment
Someone keeps making vulgar obscene noises and catcalling whenever I walk past,sexual_harassment
A colleague sends me unwanted romantic gifts and sexual poems despite repeated refusals,sexual_harassment
A senior showed me pornographic videos on his phone while sitting next to me in the library,sexual_harassment
They make sexual jokes about my body and spread vulgar rumors about my sex life,sexual_harassment
A faculty member offered me higher marks in exchange for spending the weekend with him,sexual_harassment
Someone repeatedly cornered me in the elevator and tried to force a kiss on me,sexual_harassment
A person follows me everywhere I go,stalking
Someone constantly watches me from a distance,stalking
A person waits for me outside my hostel daily,stalking
I keep seeing the same person near my class,stalking
Someone follows me even when I change routes,stalking
A person obsessively tracks my social media,stalking
I am being followed to my home repeatedly,stalking
A person watches me through my hostel window,stalking
Someone stalks me every time I go out,stalking
A person follows me even to isolated places,stalking
I keep finding the same person wherever I go,stalking
Someone constantly monitors my movements,stalking
A person knows my daily schedule and appears,stalking
I am being followed by someone in a car,stalking
A person obsessively takes photos of me,stalking
Someone follows me despite multiple complaints,stalking
I see the same person every time I leave hostel,stalking
A person waits for me at recurring locations,stalking
Someone follows me persistently for months,stalking
A person appears whenever I am alone,stalking
A person follows me everywhere I go,stalking
A person follows me everywhere I go (This is happening to me regularly),stalking
Someone constantly watches me from a distance,stalking
Someone constantly watches me from a distance (This is happening to me regularly),stalking
A person waits for me outside my hostel daily,stalking
A person waits for me outside my hostel daily (This is happening to me regularly),stalking
I keep seeing the same person near my class,stalking
I keep seeing the same person near my class (This is happening to me regularly),stalking
Someone follows me even when I change routes,stalking
Someone follows me even when I change routes (This is happening to me regularly),stalking
A person obsessively tracks my social media,stalking
A person obsessively tracks my social media (This is happening to me regularly),stalking
I am being followed to my home repeatedly,stalking
I am being followed to my home repeatedly (This is happening to me regularly),stalking
A person watches me through my hostel window,stalking
A person watches me through my hostel window (This is happening to me regularly),stalking
Someone stalks me every time I go out,stalking
Someone stalks me every time I go out (This is happening to me regularly),stalking
A person follows me even to isolated places,stalking
A person follows me even to isolated places (This is happening to me regularly),stalking
I keep finding the same person wherever I go,stalking
I keep finding the same person wherever I go (This is happening to me regularly),stalking
Someone constantly monitors my movements,stalking
Someone constantly monitors my movements (This is happening to me regularly),stalking
A person knows my daily schedule and appears,stalking
A person knows my daily schedule and appears (This is happening to me regularly),stalking
I am being followed by someone in a car,stalking
I am being followed by someone in a car (This is happening to me regularly),stalking
A person obsessively takes photos of me,stalking
A person obsessively takes photos of me (This is happening to me regularly),stalking
Someone follows me despite multiple complaints,stalking
Someone follows me despite multiple complaints (This is happening to me regularly),stalking
I see the same person every time I leave hostel,stalking
I see the same person every time I leave hostel (This is happening to me regularly),stalking
A person waits for me at recurring locations,stalking
A person waits for me at recurring locations (This is happening to me regularly),stalking
Someone follows me persistently for months,stalking
Someone follows me persistently for months (This is happening to me regularly),stalking
A person appears whenever I am alone,stalking
A person appears whenever I am alone (This is happening to me regularly),stalking
Someone is following me everywhere,stalking
I am being stalked by a person,stalking
Someone is watching me constantly,stalking
I feel stalked and unsafe,stalking
Someone follows me persistently,stalking
I am stalked at college/home,stalking
Someone monitors my movements,stalking
I am being obsessively followed,stalking
Someone stalks me online and offline,stalking
someone is stalking me,stalking
I am being stalked,stalking
someone follows me everywhere,stalking
I feel stalked and unsafe,stalking
someone watches me constantly,stalking
I am being followed persistently,stalking
someone is obsessively following me,stalking
I am stalked online and offline,stalking
someone monitors my movements,stalking
someone is stalking me,stalking
I am being stalked,stalking
stalking behavior is happening,stalking
someone follows me constantly,stalking
I am continuously followed,stalking
persistent following is happening,stalking
someone stalks me persistently,stalking
stalking threat,stalking
A man has been following me home from college every single evening for weeks,stalking
I found a GPS tracker secretly hidden in my scooter by an obsessed classmate,stalking
Someone stands outside my hostel gate every morning staring at my window,stalking
An ex-boyfriend follows my car wherever I drive and parks outside my workplace,stalking
A person knows my daily class schedule and is waiting outside every single classroom,stalking
Someone takes non-consensual photos of me in public and sends them to my phone,stalking
I noticed a man following me through the metro and waiting on the same platform every day,stalking
A person has been watching my apartment with binoculars and sending messages about what I wear,stalking
Someone threatened to kill me if I report them,threats
A person said they will destroy my family,threats
I received death threats on social media,threats
Someone threatened to rape me if I tell anyone,threats
A person said they know where I live and will harm me,threats
I got threatened with exposure if I do not comply,threats
Someone threatened to throw acid on me,threats
A person threatened to post my intimate photos,threats
I was threatened with dire consequences,threats
A person said they will hurt my family members,threats
Someone threatened to break my bones,threats
I received anonymous threats on my phone,threats
A person threatened to implicate me in a false case,threats
Someone threatened to ruin my career,threats
I was threatened with suspension if I report,threats
A person threatened to harm my friends,threats
Someone threatened me with violence repeatedly,threats
I received threats of self-harm implications,threats
A person threatened to publicize my secrets,threats
Someone threatened to follow me home,threats
Someone threatened to kill me if I report them,threats
Someone threatened to kill me if I report them (This is happening to me regularly),threats
A person said they will destroy my family,threats
A person said they will destroy my family (This is happening to me regularly),threats
I received death threats on social media,threats
I received death threats on social media (This is happening to me regularly),threats
Someone threatened to rape me if I tell anyone,threats
Someone threatened to rape me if I tell anyone (This is happening to me regularly),threats
A person said they know where I live and will harm me,threats
A person said they know where I live and will harm me (This is happening to me regularly),threats
I got threatened with exposure if I do not comply,threats
I got threatened with exposure if I do not comply (This is happening to me regularly),threats
Someone threatened to throw acid on me,threats
Someone threatened to throw acid on me (This is happening to me regularly),threats
A person threatened to post my intimate photos,threats
A person threatened to post my intimate photos (This is happening to me regularly),threats
I was threatened with dire consequences,threats
I was threatened with dire consequences (This is happening to me regularly),threats
A person said they will hurt my family members,threats
A person said they will hurt my family members (This is happening to me regularly),threats
Someone threatened to break my bones,threats
Someone threatened to break my bones (This is happening to me regularly),threats
I received anonymous threats on my phone,threats
I received anonymous threats on my phone (This is happening to me regularly),threats
A person threatened to implicate me in a false case,threats
A person threatened to implicate me in a false case (This is happening to me regularly),threats
Someone threatened to ruin my career,threats
Someone threatened to ruin my career (This is happening to me regularly),threats
I was threatened with suspension if I report,threats
I was threatened with suspension if I report (This is happening to me regularly),threats
A person threatened to harm my friends,threats
A person threatened to harm my friends (This is happening to me regularly),threats
Someone threatened me with violence repeatedly,threats
Someone threatened me with violence repeatedly (This is happening to me regularly),threats
I received threats of self-harm implications,threats
I received threats of self-harm implications (This is happening to me regularly),threats
A person threatened to publicize my secrets,threats
A person threatened to publicize my secrets (This is happening to me regularly),threats
Someone threatened to follow me home,threats
Someone threatened to follow me home (This is happening to me regularly),threats
My uncle threatened to hurt me,threats
Someone threatened to harm me,threats
I received death threats from a relative,threats
Someone threatened to hurt me,threats
I received death threats from a senior,threats
Someone threatened to kill me,threats
I was threatened with violence,threats
Someone threatened my safety,threats
I received threatening messages,threats
Someone threatened to harm my family,threats
I am being threatened online,threats
Someone threatened to expose my secrets,threats
I received threatening calls,threats
Someone threatened to damage my reputation,threats
I am threatened if I report them,threats
I am being threatened online,threats
someone threatens me online,threats
I receive threatening messages,threats
someone threatens my safety,threats
I am threatened if I report them,threats
threatening messages are sent to me,threats
I face online threats,threats
I am being threatened online,threats
someone threatens me online,threats
I receive threatening messages,threats
someone threatens my safety,threats
online threats are directed at me,threats
I receive threat messages,threats
someone threatens me,threats
threatening behavior online,threats
online threat messages,threats
Someone sent me a letter stating they will throw acid on my face if I reject them,threats
A senior threatened to murder my younger brother if I reported the ragging to the police,threats
They told me they know where I live and will burn my house down with my family inside,threats
Someone threatened to shoot me if I showed up to give evidence in court,threats
I received a voice message saying my life is in danger and I have 24 hours to leave,threats
They threatened to kidnap me from campus if I don't withdraw the police complaint,threats
A person threatened to ruin my parents' lives and destroy our family reputation,threats
They sent pictures of weapons and ammunition with my name written on a bullet,threats
A person constantly insults and abuses me verbally,verbal_abuse
Someone calls me degrading names regularly,verbal_abuse
I am verbally abused for making mistakes,verbal_abuse
A person yells and uses foul language at me,verbal_abuse
I am insulted and belittled in front of others,verbal_abuse
A person uses harsh words to hurt me daily,verbal_abuse
I am verbally assaulted with derogatory comments,verbal_abuse
A person abuses me with offensive language,verbal_abuse
I am constantly criticized in a demeaning way,verbal_abuse
A person uses verbal aggression against me,verbal_abuse
I am insulted with personal attacks,verbal_abuse
A person verbally demeans me in public,verbal_abuse
I am hurt by harsh and cruel verbal comments,verbal_abuse
A person uses abusive language when I disagree,verbal_abuse
I am verbally attacked for my opinions,verbal_abuse
A person insults my intelligence and abilities,verbal_abuse
I am verbally abused for my appearance,verbal_abuse
A person uses demeaning language toward me,verbal_abuse
I am hurt by constant criticism and name-calling,verbal_abuse
A person verbally attacks my character,verbal_abuse
A person constantly insults and abuses me verbally,verbal_abuse
A person constantly insults and abuses me verbally (This is happening to me regularly),verbal_abuse
Someone calls me degrading names regularly,verbal_abuse
Someone calls me degrading names regularly (This is happening to me regularly),verbal_abuse
I am verbally abused for making mistakes,verbal_abuse
I am verbally abused for making mistakes (This is happening to me regularly),verbal_abuse
A person yells and uses foul language at me,verbal_abuse
A person yells and uses foul language at me (This is happening to me regularly),verbal_abuse
I am insulted and belittled in front of others,verbal_abuse
I am insulted and belittled in front of others (This is happening to me regularly),verbal_abuse
A person uses harsh words to hurt me daily,verbal_abuse
A person uses harsh words to hurt me daily (This is happening to me regularly),verbal_abuse
I am verbally assaulted with derogatory comments,verbal_abuse
I am verbally assaulted with derogatory comments (This is happening to me regularly),verbal_abuse
A person abuses me with offensive language,verbal_abuse
A person abuses me with offensive language (This is happening to me regularly),verbal_abuse
I am constantly criticized in a demeaning way,verbal_abuse
I am constantly criticized in a demeaning way (This is happening to me regularly),verbal_abuse
A person uses verbal aggression against me,verbal_abuse
A person uses verbal aggression against me (This is happening to me regularly),verbal_abuse
I am insulted with personal attacks,verbal_abuse
I am insulted with personal attacks (This is happening to me regularly),verbal_abuse
A person verbally demeans me in public,verbal_abuse
A person verbally demeans me in public (This is happening to me regularly),verbal_abuse
I am hurt by harsh and cruel verbal comments,verbal_abuse
I am hurt by harsh and cruel verbal comments (This is happening to me regularly),verbal_abuse
A person uses abusive language when I disagree,verbal_abuse
A person uses abusive language when I disagree (This is happening to me regularly),verbal_abuse
I am verbally attacked for my opinions,verbal_abuse
I am verbally attacked for my opinions (This is happening to me regularly),verbal_abuse
A person insults my intelligence and abilities,verbal_abuse
A person insults my intelligence and abilities (This is happening to me regularly),verbal_abuse
I am verbally abused for my appearance,verbal_abuse
I am verbally abused for my appearance (This is happening to me regularly),verbal_abuse
A person uses demeaning language toward me,verbal_abuse
A person uses demeaning language toward me (This is happening to me regularly),verbal_abuse
I am hurt by constant criticism and name-calling,verbal_abuse
I am hurt by constant criticism and name-calling (This is happening to me regularly),verbal_abuse
A person verbally attacks my character,verbal_abuse
A person verbally attacks my character (This is happening to me regularly),verbal_abuse
My uncle insults me constantly,verbal_abuse
My father uses abusive language,verbal_abuse
I face daily verbal abuse from family,verbal_abuse
My senior insults me constantly,verbal_abuse
I am verbally abused by a peer,verbal_abuse
Someone uses abusive language towards me,verbal_abuse
I receive verbal abuse from family,verbal_abuse
Someone criticizes me harshly,verbal_abuse
I am yelled at and verbally attacked,verbal_abuse
Someone uses derogatory terms for me,verbal_abuse
I face constant verbal aggression,verbal_abuse
Someone belittles me verbally,verbal_abuse
I am insulted and degraded verbally,verbal_abuse
A professor shouted filthy profanities and called me worthless garbage in front of 100 students,verbal_abuse
My hostel roommate screams vulgar abusive curses at me every single night,verbal_abuse
Seniors continuously call me disgusting names and shout obscenities whenever they see me,verbal_abuse
A student hurled filthy mother-sister abuses at me during a minor disagreement,verbal_abuse
They publicly humiliated me in the cafeteria by screaming vulgar derogatory insults,verbal_abuse
A faculty member used insulting offensive language to demean my character in front of peers,verbal_abuse
Someone sent me a five-minute audio clip containing non-stop vulgar swearing and abuse,verbal_abuse
